Time,Volume,Day Open,Day Close,Normalized Day Change,Normalized Volume to Moving Average,Normalized Open to Moving Average,Normalized Open (52wk High/Low),Normalized Yesterday Close to Today Open,Past First Derivative,Past Average Normalized Open to Close,Past Second Derivative,Buy
2019-06-19,1336015,1107.24,1104.51,-0.002465590115964035,0.5,0.5,0.18849521911587178,0,0,0,0,0
2019-06-20,1200908,1121.7,1113.2,-0.007577783721137559,0.4733718760876858,0.5032436943120946,0.2162032690133559,-0.015563462530896103,5.7875,-0.004120678964755794,0,1
2019-06-21,2538872,1109.86,1125.37,0.013974735552231806,0.7502879844438162,0.4986192644063735,0.19351562649702012,0.003000359324470127,2.9349999999999996,0.0022070003211994153,-2.885,0
2019-06-24,1211893,1120.0,1116.7,-0.002946428571428531,0.3854812770608211,0.5023773212523549,0.21294575277367925,0.004771763953188632,2.079166666666666,0.0011423153613277608,4.5600000000000005,0
2019-06-25,1582217,1115.08,1087.58,-0.0246619076658177,0.5026162958765068,0.5001363502622947,0.20351811753885052,0.0014507029640907299,-0.5681250000000004,-0.0038349112404338854,-0.09499999999999953,0
2019-06-26,1734873,1091.0,1080.32,-0.009789184234647171,0.541878115246391,0.49108160987144556,0.15737635809684403,-0.0031445962595855687,-2.0215,-0.004673170844439725,-3.0962499999999995,0
2019-06-27,1203914,1086.75,1076.63,-0.009312169312169211,0.38984356293990063,0.4906871199992776,0.14923256749765265,-0.005951940165876837,-2.0154166666666664,-0.005203329220374398,-0.7949999999999994,1
2019-06-28,1683568,1077.23,1082.8,0.0051706692164161195,0.5390755555840177,0.4880494197438855,0.13099047655546403,-0.0005572945208659511,-1.8471428571428572,-0.003791248116935866,-0.6158333333333329,0
2019-07-01,1464449,1101.04,1100.0,-0.0009445615054856896,0.4721758188123002,0.49896574990684706,0.17661486577116897,-0.016845216106390847,-0.3346875,-0.003374031250963262,0.5928571428571432,1
2019-07-02,1031919,1104.83,1112.6,0.00703275617063257,0.3442339752511037,0.5006148768479157,0.18387721079962427,-0.004390909090909024,0.15777777777777774,-0.002243558666727648,0.1056250000000003,1
2019-07-03,1007718,1118.5,1122.99,0.0040143048725972364,0.3464821903702258,0.5061823070903786,0.21007147373867055,-0.004390909090909024,-0.5459374999999995,-0.0023193947729074384,1.0168750000000002,1
2019-07-05,1489678,1119.37,1132.665,0.011877216648650647,0.511154965817272,0.5060214276027306,0.2117385555789754,-0.005302894121876767,0.19562500000000055,-0.0010322504165478424,-0.6887499999999998,0
2019-07-08,1494371,1125.87,1116.79,-0.008064874275005043,0.511760239973931,0.508259210874489,0.22419376473067984,0.0032235371641778808,0.4792187500000006,-0.0012659372078234821,1.0371875,1
2019-07-09,1473622,1110.32,1124.29,0.01258195835434832,0.5043192249229088,0.5011506377995963,0.1943970720677562,0.005999125955158916,1.25,-0.0018346665484876058,1.15125,1
2019-07-10,1535546,1132.32,1140.91,0.007586194715274963,0.5237300532075149,0.5103265347083219,0.23655316458121742,0.005793389983792859,1.9778125000000002,0.0023002540292435835,1.5406250000000001,0
2019-07-11,1300529,1146.16,1144.08,-0.001814755357018352,0.4467235251797202,0.515496756950336,0.26307317914423145,-0.007142285353423025,3.4328125000000003,0.004225402153876429,1.1693749999999998,1
2019-07-12,1093933,1142.93,1145.34,0.002108615575756918,0.3813328808512951,0.5131961099195996,0.256883898288846,-0.0046015899588924625,4.0690625,0.005052382604503082,-0.47812500000000013,1
2019-07-15,1058431,1145.34,1150.51,0.004513943457837911,0.3744087834916566,0.5134636478022512,0.26150190660509304,0.0010051744633241238,2.7259375000000006,0.004706563940561061,0.21562500000000007,1
2019-07-16,1267641,1146.73,1153.46,0.005868861894255856,0.4508628141634978,0.5133256244501653,0.2641654051775347,0.0,2.4506250000000005,0.0053086354538717335,-0.1625000000000001,0
2019-07-17,976894,1150.92,1146.74,-0.003631877107010099,0.35283501916116494,0.5144192669887491,0.2721942246153258,0.0032854994741462243,1.834375,0.005175784221595915,0.14,1
2019-07-18,1273769,1142.0,1147.24,0.004588441330998257,0.46181711046257085,0.5099257118483844,0.25510184528714047,0.0022020702928579783,1.42578125,0.004324163847771915,-1.0921874999999999,0
2019-07-19,1159153,1149.32,1131.55,-0.015461316256569086,0.4233306716390583,0.5125794106592837,0.2691283269779829,0.00413345658126516,1.455625,0.003513068271513334,0.895,1
2019-07-22,1446757,1135.47,1139.21,0.0032937902366421035,0.5270655884830425,0.5061207411788695,0.2425891505547359,-0.0018130469648895847,1.4456250000000004,0.0026899295525337785,-1.98375,1
2019-07-23,1032438,1143.45,1148.05,0.004022913113822125,0.38004892649209915,0.5092670086919152,0.2578803150209823,-0.0034642746674915584,0.04531249999999998,0.0016566342258804538,-0.30312499999999987,1
2019-07-24,1359956,1132.62,1139.73,0.006277480531864286,0.500586529711184,0.5042643106847297,0.23712802038821906,-0.0037218774413848273,0.03937500000000005,0.0012601137673212072,0.41750000000000015,0
2019-07-25,2738139,1138.95,1135.94,-0.0026427850212915323,0.9699869224365684,0.506806435050488,0.24925747791595615,0.01344018117677807,-0.4974999999999998,0.0021596169021761997,0.29374999999999996,1
2019-07-26,6060795,1228.0,1245.22,0.014022801302931619,1.9135772563533027,0.5445586834411854,0.419893843294307,0.000684372614566584,-0.655,0.0016324850287016456,-0.5112500000000001,0
2019-07-29,2069127,1242.5,1241.84,-0.0005311871227364844,0.6462109269778064,0.5489892853197837,0.4476785406327246,-0.0810430128351849,5.4071875,0.0026816754429916617,0.6556249999999997,1
2019-07-30,1430775,1227.0,1228.0,0.0008149959250203749,0.4484906902388565,0.5405696923661226,0.41797765727096786,0.0021843529657410155,5.83375,0.0019637185865932967,0.2199999999999994,0
2019-07-31,1997999,1224.87,1218.2,-0.005445475846416229,0.6210636548290189,0.5382092996619249,0.41389618104125525,0.011950009663080526,5.18,0.0024514155722261525,-0.2650000000000008,0
2019-08-01,1771271,1217.63,1211.78,-0.004804415134318419,0.5487957943653419,0.5338216659595534,0.40002299423228027,0.002548859934853509,5.06875,0.0013309040037261556,0.6937499999999988,0
2019-08-02,1745450,1203.0,1196.32,-0.005552784704904458,0.5394202572711213,0.526505826358116,0.37198919271082836,0.0004679034641273488,4.8353125,0.0025085343382349793,-0.5993750000000009,0
2019-08-05,2391972,1172.97,1154.75,-0.015533219093412471,0.7286593795444818,0.5129474540410704,0.31444612642995384,0.007245539619402839,3.369375,0.001520932384274725,-0.7050000000000008,1
2019-08-06,1800707,1165.52,1171.08,0.004770402910288923,0.546982139772004,0.5093991771494037,0.3001705405560771,0.019518189113280654,1.7303125,-0.0006525517647091358,-1.583125000000001,1
2019-08-07,1534347,1157.8,1175.91,0.015641734323717505,0.4669780488735531,0.5058509338200728,0.2853775844558989,-0.009326694089629774,1.9284374999999991,-0.0008226082856147613,0.5356249999999989,1
2019-08-08,1505848,1186.43,1206.19,0.016655007037920475,0.4593684784674458,0.5178314054652782,0.34023799030409885,0.011339959695323951,-4.3596875,0.0012056620499889632,0.055625000000000036,0
2019-08-09,1020945,1199.995,1188.9,-0.009245871857799242,0.3146527232774878,0.5230804311378827,0.36623105371069403,-0.008946262894269103,-2.86625,0.0015010036969649737,1.2762499999999997,0
2019-08-12,1103243,1180.0,1174.5,-0.004661016949152543,0.34290407399796385,0.5139759859507119,0.327916914174028,0.005136006765103477,-2.0657812499999997,0.0005366756738883272,-0.7559375,1
2019-08-13,1430240,1174.35,1196.73,0.019057350874952195,0.44580746120495485,0.5112131213561139,0.31709046314216166,0.007485911346623005,-2.7678125000000002,-6.765707319320843e-05,0.07312499999999961,0
2019-08-14,1771501,1176.07,1164.25,-0.010050422168748406,0.5507420533819064,0.5116558466524703,0.32038630310230504,0.00012771392081744652,-1.8228125000000004,0.0026564799946725177,1.764375,1
2019-08-15,1430715,1168.43,1169.32,0.0007617058788287468,0.4459961064526217,0.5081254992488796,0.3057466418839942,0.01726371027717203,-1.84375,0.0020773202757575415,-0.32125000000000004,0
2019-08-16,1265187,1180.79,1179.21,-0.0013380872127981497,0.39638948742173435,0.5131706917302244,0.32943070113246586,-0.0035902941808031467,0.3134375000000005,0.0027810736040512632,1.1943750000000002,1
2019-08-19,1222854,1191.83,1200.44,0.00722418465720793,0.38522039627178123,0.5175361378214274,0.35058539483012996,-0.009809119830328762,0.73125,0.004356339857012868,-0.44624999999999976,0
2019-08-20,1010566,1195.35,1183.53,-0.009888317229263343,0.320996431672804,0.5186152314443999,0.3573303696322837,-0.010702080206239677,1.83,0.0046266628171061225,-0.5937499999999999,0
2019-08-21,708272,1195.82,1191.58,-0.0035456841330635124,0.22775966682510349,0.5183855648637745,0.3582309770632532,0.004240111958948507,-0.42937499999999995,0.0017893990586328704,-1.9737499999999997,0
2019-08-22,867915,1193.8,1191.52,-0.0019098676495225102,0.28180278897454225,0.5171162183736588,0.35436028129610814,-0.010384189669885819,-0.04671875000000009,-0.00045396870349350516,0.42843750000000025,0
2019-08-23,1813141,1185.17,1153.58,-0.026654404009551495,0.5864937465375981,0.5130858893755935,0.3378235959146915,-0.001863072559123204,0.963125,0.0003609447863590816,0.20124999999999987,1
2019-08-26,1058926,1159.45,1171.18,0.010116865755315035,0.34479133273808266,0.5019103374666489,0.28853929139440865,0.005329327245870744,-1.0103125,-0.0020811166937471214,-3.373125,0
2019-08-27,1173489,1183.0,1170.82,-0.010295857988165734,0.3839413094821315,0.5118519234734269,0.3336654722440454,-0.00508850708230042,-0.30281250000000015,-0.0030724572166778,1.471875,1
2019-08-28,840829,1164.87,1173.75,0.007623168250534489,0.2775991046456668,0.5039267848072092,0.2989250196409065,-0.01009238545740188,0.5021874999999997,-0.0031002628892146814,-0.8168750000000002,1
2019-08-29,982098,1186.42,1194.24,0.006591257733349013,0.3264893228202989,0.5129828516025953,0.3402188284438655,0.005081908406074414,-0.6681249999999999,-0.0023382421977278865,0.6537499999999999,0
2019-08-30,903375,1200.35,1190.53,-0.008180947223726361,0.3026429093920934,0.5186267742935502,0.36691129974897946,-0.010794462193823278,-0.3628124999999994,-0.0014583922245218954,-0.04937500000000011,0
2019-09-03,1296116,1181.85,1169.55,-0.010407412108135512,0.43529706505195,0.5104287906445857,0.33146185831720526,-0.005116224544480088,0.3750000000000002,-0.0031693045898476017,0.125,1
2019-09-04,1065666,1179.45,1182.27,0.0023909449319597575,0.3597946254529729,0.509215119228453,0.32686301186119154,0.007290870452655593,-1.125,-0.0032258625620220083,-0.5037499999999997,1
2019-09-05,1320656,1193.66,1212.19,0.015523683460952006,0.4467645635762815,0.5150626359465806,0.3540920152528409,-0.008464794151596846,-0.7374999999999996,-0.002565503888875914,0.3187500000000002,0
2019-09-06,948580,1209.14,1206.32,-0.0023322361347736104,0.32296087072576823,0.5213374116297047,0.3837545748941309,-0.009634009151885864,2.0968750000000003,-0.0006300531686580613,3.1325000000000003,0
2019-09-09,1592958,1207.08,1205.27,-0.001499486363786945,0.5415460465660885,0.5200760511398791,0.3798072316860519,0.002516107210915743,2.6509375,0.0020682718679936487,-0.9093749999999998,1
2019-09-10,1396077,1196.09,1205.7,0.00803451245307638,0.4750297149991817,0.515068487861928,0.3587483472895547,-0.0006300152530008546,1.8290625000000003,0.000774897671156399,0.6481250000000002,1
2019-09-11,1176066,1203.89,1220.0,0.013381621244465772,0.4015274988600474,0.5181037403584301,0.3736945982716004,0.007616550648402486,1.9740625,0.0028088673819142143,0.04562500000000003,1
2019-09-12,1582230,1223.47,1234.97,0.009399494879318659,0.539475434017692,0.5260649313766191,0.41121352060858074,0.0015012026208840884,1.3509375000000001,0.0034451016294717316,0.5181250000000001,1
2019-09-13,1183762,1232.11,1240.03,0.006427997500223254,0.40489375564344693,0.5292631714745634,0.4277693678502307,-0.0028442622950819894,2.11125,0.003754060467902461,1.3325000000000005,1
2019-09-16,1410880,1230.44,1231.63,0.0009671337082670057,0.4828485322009732,0.5280595545604508,0.4245693371912546,0.002315845729046153,3.773125,0.0053735585643695195,1.2637500000000004,0
2019-09-17,1047201,1231.63,1229.88,-0.0014208812711609816,0.3600043433855895,0.5280912840054598,0.4268495985590283,0.007733683862487132,3.1359375,0.006632625625910269,-0.10187499999999994,1
2019-09-18,892788,1230.24,1232.65,0.0019589673559631308,0.3087837165242299,0.5270424382524428,0.4241860999865867,0.0,1.7393749999999997,0.006205457943783249,-1.2674999999999998,1
2019-09-19,847002,1232.32,1238.75,0.005217800571280239,0.2948262509011043,0.5274801576260917,0.428171766915132,-0.0002927114840471427,1.4821875,0.004696771073213577,0.32687499999999975,0
2019-09-20,1937743,1233.64,1229.84,-0.0030803151648780692,0.6709459369068317,0.5275967881619605,0.43070113246594,0.0002677158966455641,1.835,0.005533254147943496,0.5149999999999999,1
2019-09-23,1197069,1226.57,1234.69,0.006620086909022819,0.41554738008486813,0.5241886209744233,0.4171536972809319,0.004125126135216872,1.9278124999999995,0.005355767241474951,-0.8381250000000002,0
2019-09-24,1835712,1240.0,1218.33,-0.017475806451612962,0.6346822739101162,0.5294620315380287,0.44288807557437676,0.0026588824562544574,1.1678125000000001,0.005196450767863975,-0.49937500000000035,1
2019-09-25,1355162,1216.01,1245.94,0.024613284430226777,0.4689637712860628,0.5189295730710025,0.39691877287447064,-0.004300674663275757,-0.0034374999999999822,0.0017679630927917305,-2.073125,1
2019-09-26,1171577,1242.14,1242.29,0.00012075933469646221,0.4065312471140558,0.529625310093439,0.4469887136643227,0.00190424597604913,-0.31843749999999993,0.003457546160021678,1.3756249999999999,0
2019-09-27,1722481,1242.83,1225.95,-0.013581905811736024,0.5960518573053537,0.5294732714520969,0.4483108820204264,0.003049906094996512,0.6987500000000001,0.0027565833261643017,-0.06499999999999967,1
2019-09-30,1294609,1220.6,1221.14,0.00044240537440618633,0.44863806320805233,0.5197140257653571,0.40571406672159716,-0.0004346811131056063,0.2271875,0.001140425129530065,-0.9456249999999999,0
2019-10-01,1282735,1222.49,1206.0,-0.013488862894584012,0.44519987284847,0.5202263114453405,0.40933565830570834,0.004363962641217126,-0.6609374999999998,0.0013481025598887835,-0.11687499999999978,0
2019-10-02,1674774,1196.5,1177.92,-0.015528625156707002,0.5799912980673627,0.5090402491980867,0.3595339835591239,-0.0011055243461027475,-1.330625,-0.0003663496189222169,-1.4324999999999997,1
2019-10-03,1469413,1183.34,1189.43,0.0051464498791557334,0.5087523182406154,0.5033952471021471,0.3343169754919806,0.007877280265339967,-2.7831249999999996,-0.002666902286034125,-0.9237499999999997,1
2019-10-04,1228686,1194.29,1210.96,0.013958083882474168,0.4262425419874083,0.5079457496763014,0.3552992124475443,-0.004601331160010735,-2.7653124999999994,-0.0017497551584350099,-0.12687499999999974,1
2019-10-07,879020,1207.0,1208.25,0.001035625517812759,0.30649301476004503,0.513173499841723,0.3796539368041849,-0.004085990768687439,-1.6587499999999995,-0.0009326760695505108,2.39625,0
2019-10-08,1032426,1198.77,1190.13,-0.007207387572261462,0.36127904289862117,0.5095479971464372,0.3638837258321037,0.003270132787210177,-1.4593749999999992,0.0011249356442813588,-1.7924999999999995,1
2019-10-09,813216,1201.33,1202.4,0.0008906794968910822,0.2861309512330355,0.5104986864639925,0.36878916205185186,0.00784605834885166,-2.9853125,-0.00240646803951519,-0.549375,1
2019-10-10,668244,1198.6,1209.47,0.009068913732688236,0.2366897375854078,0.5092197029066702,0.36355797420813596,-0.009410736642215402,-2.0328125,-0.002317959117940723,1.1218749999999997,0
2019-10-11,1126452,1224.03,1215.71,-0.006797219022409529,0.39998307529099364,0.519766544859198,0.41228658478165053,0.0031603459747173834,-1.0521874999999996,0.00020003899196835082,0.6456249999999999,1
2019-10-14,683926,1213.89,1217.77,0.0031963357470610036,0.24438271814587328,0.5152664388062035,0.39285645850499185,-0.012038330839127837,0.35156250000000017,-0.0006039616357994852,0.5106250000000001,1
2019-10-15,1527216,1221.5,1242.24,0.016979124027834636,0.5451095045926725,0.5182657037174074,0.40743863414260256,0.0014970675572298791,1.7887499999999998,0.001249074868271185,1.4037499999999996,1
2019-10-16,1151028,1241.81,1243.0,0.0009582786416602013,0.41171068424043117,0.5265459317916523,0.4463563722766205,-0.0030629757671810096,2.8428125,0.00485616549438149,0.9156250000000001,1
2019-10-17,1063981,1251.4,1252.8,0.001118747003356132,0.3816473122223292,0.5302303161298059,0.46473259624044316,0.0003461488923235958,2.48625,0.004386796518080833,-0.9675,0
2019-10-18,1582320,1254.69,1244.41,-0.008193258892634812,0.5666836700129718,0.5312336256242234,0.4710368482572289,-0.006757843925985592,2.7796875,0.002957162884481941,0.0093749999999998,0
2019-10-21,1030085,1248.7,1244.28,-0.003539681268519318,0.3700242625214884,0.5283489116572397,0.4595588939774274,-0.0015086206896552524,3.4437500000000005,0.001929058232604164,-0.10249999999999981,0
2019-10-22,1281821,1244.48,1241.2,-0.002635638981743357,0.4608664001252248,0.5262456476854763,0.45147258895893616,-0.0034474168481448747,2.7890625000000004,0.002332528274909082,-0.343125,1
2019-10-23,1176281,1240.21,1257.63,0.014046008337297773,0.42365433076149916,0.5241521472471881,0.44329047463927806,-0.00016073552576594132,2.425312500000001,0.0019378308709144165,-0.8843749999999997,0
2019-10-24,1140478,1259.11,1259.11,0.0,0.41157557698659963,0.5317600941477104,0.4795063904803876,0.000797615211086053,1.815625,0.0024873189158987966,1.6087500000000001,1
2019-10-25,1355248,1252.0,1264.3,0.009824281150159708,0.48919914026504074,0.5284233479337888,0.4658823078544465,-0.001176816710797127,2.7050000000000005,0.003239423958272683,-0.2424999999999998,1
2019-10-28,3271411,1275.0,1288.98,0.010964705882352956,1.1636460823035013,0.5376851019926299,0.5099545863912468,0.005646845787897722,1.6424999999999996,0.0039725017995155066,-0.5275000000000003,0
2019-10-29,2632715,1276.0,1260.66,-0.012021943573667647,0.9277527768811944,0.5376661975883859,0.511870772414586,-0.008463181206992047,2.4740624999999996,0.0033010107804467437,0.7993750000000001,1
2019-10-30,1460193,1255.15,1260.7,0.004421782257100709,0.5144037549538922,0.5285558763107546,0.47191829382796496,0.01006997781191331,1.0143749999999998,0.001857501912163607,-1.0462500000000001,0
2019-10-31,1595154,1260.0,1258.8,-0.0009523809523809885,0.5612165334661118,0.530256681001612,0.48121179604115966,0.004370726444878072,0.5234374999999998,0.002223949107297669,0.9893749999999999,1
2019-11-01,1440607,1265.8,1272.25,0.005095591720651008,0.5067706467005577,0.5323349191508194,0.49232567497652663,0.00055524708495284,0.806875,0.0030274774187562677,0.20124999999999993,1
2019-11-04,1531622,1276.11,1289.61,0.010579025319133932,0.538356972002261,0.536265342076231,0.5120815528771531,-0.005560851604702892,1.6365625000000001,0.003984990385043993,0.608125,1
2019-11-05,1257427,1291.2,1291.44,0.00018587360594796243,0.4425028600339887,0.5421352797561503,0.5409967999693411,-0.003033994890941167,2.12125,0.00544992140511826,-0.24499999999999988,1
2019-11-06,1231265,1290.09,1291.01,0.0007131285414196473,0.4338808319040158,0.5412136298010397,0.5388698334834344,-0.0012329308860819517,2.0131249999999996,0.003907615447708952,0.014999999999999986,1
2019-11-07,2257005,1294.28,1306.94,0.009781500139073526,0.790667210526796,0.5425051584474448,0.5468986529212255,0.001045344731462659,2.0249999999999995,0.0039846747838543665,-0.71125,1
2019-11-08,1521892,1301.52,1309.0,0.005747126436781623,0.5327949440139821,0.5450483342719913,0.560771839730201,-0.002532900597206824,1.1637499999999998,0.003977058916765578,-0.08250000000000002,0
2019-11-11,861860,1304.0,1298.28,-0.004386503067484684,0.3029037797426376,0.545593870486185,0.5655239810680821,0.00414709167980173,2.3081249999999995,0.0033960194435468066,1.4262500000000005,0
2019-11-12,1444342,1298.57,1297.21,-0.0010473058826246564,0.507544073537831,0.5428652974129251,0.5551190909613504,0.0038197097020626434,2.7009374999999993,0.00424186230708559,-0.704375,1
2019-11-13,936085,1293.18,1296.18,0.0023198626641302835,0.33002740832416244,0.5401901271092822,0.5447908482955527,-0.00022337246202665343,2.4056250000000006,0.003631711182041724,-0.009999999999999926,1
2019-11-14,1450039,1295.0,1309.15,0.010926640926640996,0.5111184251393489,0.5405287653329202,0.5482783068580298,0.003106667386159506,1.6034375,0.003992751677017288,-0.2156249999999999,1
2019-11-15,1964955,1315.05,1333.54,0.014060301889661998,0.690111012509575,0.5483916260371751,0.5866978366259795,0.0009103673872456477,1.2009375,0.004638180001001382,0.04062500000000002,0
2019-11-18,1399374,1332.34,1319.84,-0.009381989582238768,0.4915518893323612,0.5550249342028963,0.6198286929695133,-0.004506741015162406,2.0609375,0.00502214756376882,1.1406250000000002,0
2019-11-19,1093629,1326.63,1312.59,-0.010583207073562478,0.3849800961603338,0.5521080006737387,0.6088872707762472,0.0008998605216191831,2.22125,0.0039571963802442845,-0.8387499999999999,0
2019-11-20,1445870,1311.36,1301.86,-0.007244387506100537,0.5088924202846288,0.5452952559911213,0.579627110199858,-0.00514456297733073,1.1874999999999998,0.002700626468968802,-1.6687499999999997,1
2019-11-21,1277338,1299.25,1300.14,0.0006850105830287474,0.44998798321259736,0.5398644475326402,0.5564220974572212,0.0009370786003245631,0.08437499999999987,0.0008091971712577521,-1.0612500000000002,0
2019-11-22,1388912,1303.0,1293.67,-0.007160399079048294,0.4893883183756532,0.5410188561902359,0.5636077950447429,0.002004823867389658,-0.09031249999999982,0.0002473205010962847,0.4131249999999998,1
2019-11-25,1179658,1296.26,1305.64,0.007236202613673267,0.41628386812709733,0.5378532515141781,0.5506927012474371,-0.0021997631024350452,0.02781249999999974,-6.058822915571304e-05,-0.49812499999999993,1
2019-11-26,1097089,1309.91,1313.0,0.002358940690581733,0.3879213256073324,0.5430987034411666,0.5768486404660166,-0.002002056165791831,0.3918750000000001,0.0008592445205570812,0.3987500000000001,0
2019-11-27,940536,1315.42,1312.13,-0.0025011023095284877,0.3335452899226877,0.5449493049345175,0.5874068254546153,-0.0032704267638858963,0.58625,0.0008624900677397071,-0.6912499999999998,0
2019-11-29,640069,1306.6,1304.09,-0.0019210163783866456,0.2280726065483419,0.5409069059757077,0.5705060647287636,-0.0018431073876618985,-0.6575000000000003,-0.0006296634005487467,-1.3612499999999998,0
2019-12-02,1328889,1302.56,1288.86,-0.010517749662203696,0.47373272748189293,0.5388699032393439,0.5627646731944737,0.004214521426992904,-1.2965625,-0.0024034695252318342,0.6243750000000002,1
2019-12-03,1480026,1278.66,1294.74,0.012575665149453276,0.5273623173791088,0.5287205157628304,0.5169678272366682,0.0011732319088406267,-1.49375,-0.0025276466688269775,0.02124999999999977,1
2019-12-04,1776392,1306.1,1318.94,0.009830793966771416,0.6315400921536307,0.5397003300573658,0.5695479717170941,0.007913970485545225,-1.2443749999999998,4.672100214852745e-05,1.5987500000000003,0
2019-12-05,1220631,1327.0,1326.96,-3.0143180105473717e-05,0.4344390289101045,0.5478914317771203,0.6095962596048824,-0.008773962339929175,0.8015625000000001,0.001942855073683746,0.7468750000000002,1
2019-12-06,1648729,1332.75,1339.39,0.004982179703620409,0.5859571462238744,0.5498048868176467,0.6206143292390826,-0.006110967898463876,1.7903124999999998,0.0018616689564016917,0.5806250000000003,1
2019-12-09,1556889,1338.86,1342.99,0.0030847138610460463,0.5528300771755887,0.5518481859056156,0.6323222258416845,-0.004363356845722526,2.1950000000000003,0.003207918594647411,-0.17124999999999976,1
2019-12-10,880430,1339.94,1342.89,0.002201591116020154,0.3135919485188698,0.5518202800063099,0.634391706746891,0.0003957025212971577,1.841875,0.002744282837527456,0.06500000000000025,0
2019-12-11,1024308,1348.3,1344.25,-0.0030037825409774937,0.3656420677138042,0.5547646292368272,0.6504110219020062,0.002271051906566657,1.7275000000000003,0.0027249189168601935,0.3900000000000001,1
2019-12-12,1456466,1343.21,1348.49,0.0039308819916468556,0.5197404509743921,0.5522012171180548,0.64065763504321,-0.0040286248315199715,2.558125,0.0026670450351952,-0.09624999999999978,0
2019-12-13,1658684,1347.9,1346.87,-0.0007641516432971289,0.591032947902921,0.5536498037617663,0.6496445474926708,0.0007736656127952119,3.1337499999999996,0.00331445353094076,1.1862500000000002,1
2019-12-16,1406457,1355.0,1360.7,0.004206642066420698,0.5011485914819312,0.5560668495730228,0.6632494682583785,0.00043752641843834077,3.792812499999999,0.0043944880668949585,-1.069375,0
2019-12-17,1648549,1362.41,1354.89,-0.0055196306545019355,0.5866032967504166,0.558587825104417,0.6774484066913218,-0.006036217303823019,2.8331249999999994,0.0034604555751747935,-0.4462499999999999,0
2019-12-18,1166733,1357.0,1351.91,-0.003750921149594634,0.41570976230427004,0.5558801197874039,0.6670818403050568,-0.001256706107150758,1.979375,0.0017526275233163344,-0.4675,1
2019-12-19,1521082,1351.91,1356.44,0.00335081477317275,0.5416127741659725,0.553333559451766,0.6573284534462607,-0.0015573219966195778,1.1490625,0.0013376637901312662,-0.733125,0
2019-12-20,2513849,1363.1,1351.22,-0.008715428068373474,0.8896999251367911,0.5574169534363719,0.6787705750474254,0.0,0.8281249999999997,0.0011553610745574168,0.025000000000000078,0
2019-12-23,996967,1358.73,1350.63,-0.005961449294561766,0.35364045866758065,0.5551584124808071,0.6703968421254336,-0.004909911238241171,0.9840625000000001,-0.00015627371105280573,-0.9268749999999999,0
2019-12-24,673410,1350.21,1344.43,-0.0042808155768361755,0.23981835924610065,0.5512456383905453,0.654070937206584,-0.005557940231790523,0.5253125000000001,-0.0010637536768875733,-0.2531249999999998,1
2019-12-26,1183800,1346.55,1362.47,0.011822806431250287,0.42207889534589427,0.549340398529192,0.6470576963611626,0.00031096599364746283,0.09187500000000012,-0.0012056579763385685,-0.6912499999999999,0
2019-12-27,1160873,1364.0,1354.64,-0.006862170087976466,0.4144369255737087,0.5559908042620407,0.6804951424684308,-0.0015768764457799148,0.4453125000000001,-0.0003296322761564966,1.0593750000000002,0
2019-12-30,1000592,1356.81,1339.71,-0.012603091073915957,0.357973109472344,0.5526256266841197,0.6667177649606223,-0.0011229605055523958,0.09187499999999998,-0.0010076658073295984,-0.9412499999999998,1
2019-12-31,976061,1335.79,1339.39,0.0026950343991197245,0.3499729993786058,0.5437119013589099,0.6264395347500334,-0.001601901612236347,-0.649375,-0.002874147144134141,-0.59875,1
2020-01-02,1364265,1348.41,1368.68,0.015032519782558703,0.4892434389123405,0.548457554358132,0.6506218023645737,0.0029260063745139417,-1.0540625,-0.0019604575697865206,0.543125,1
2020-01-03,1170629,1348.0,1361.52,0.010029673590504438,0.42029150747241584,0.5479073273651147,0.6498361660950045,-0.006734408947356618,0.27312499999999984,0.00012556758131586083,0.98375,1
2020-01-06,2339343,1351.63,1397.81,0.03416615493885149,0.8358078842844221,0.5489926919346424,0.6567919213597257,0.015109448519741695,-0.15000000000000013,0.0008673501419189787,1.5875,0
2020-01-07,1726456,1400.46,1395.11,-0.0038201733716065694,0.6158058613717832,0.5682672772953683,0.7503592848793762,0.007263940302015301,1.2525,0.0056291447197218715,3.3925,1
2020-01-08,1766274,1394.82,1405.04,0.007327110308140138,0.6288488029869621,0.5654495375636241,0.7395519957077432,-0.0018958227513038903,3.1540624999999998,0.005864446825803388,0.026874999999999982,0
2020-01-09,1661438,1421.93,1419.79,-0.0015049967297968956,0.5907623735973299,0.5758197909369313,0.7914997988004676,0.00020786891356234537,2.83875,0.007150653022322718,-0.3562500000000005,0
2020-01-10,1313178,1429.47,1428.96,-0.00035677558815504413,0.467146605755657,0.5782352993258626,0.8059478414164447,-0.012021010078004967,3.84625,0.005666510337609266,0.45124999999999993,1
2020-01-13,1537317,1435.25,1440.03,0.0033304302386343654,0.5465253860228351,0.5799243900665797,0.8170233966313449,-0.006817909690869822,5.059687499999999,0.006385075546782448,1.0368750000000002,0
2020-01-14,1305636,1440.0,1430.59,-0.006534722222222279,0.4643909654369275,0.581187576091246,0.8261252802422059,-0.004401802709662946,6.253125,0.008149708668774056,0.07374999999999969,1
2020-01-15,1077519,1433.02,1439.2,0.004312570654980435,0.3838678048327562,0.5777501769183001,0.8127503017992986,2.0832899314578664e-05,4.796875,0.007118897130269152,-1.855,1
2020-01-16,1304040,1445.45,1450.16,0.0032585008128956632,0.4647903318429599,0.5821061196615555,0.8365684940694044,-0.0016985998783719052,5.084375,0.005923837057145154,-0.45875000000000044,1
2020-01-17,2621175,1462.54,1479.52,0.011609938873466721,0.928797641988144,0.5882811032182651,0.8693161132082702,-0.004342690383546415,4.5678125000000005,0.0051665112014148635,-2.591875,1
2020-01-21,2446601,1479.0,1482.25,0.0021974306964164976,0.8626893471563594,0.5941449981681266,0.9008565351524326,-0.00853698902190095,4.5778125,0.002655965038755344,1.3956250000000003,0
2020-01-22,1422946,1489.73,1484.17,-0.003732219932470948,0.5017294845006742,0.5976708757187092,0.9214172111828617,0.00035146534011029374,5.0434375,0.003319912544121809,-0.43562500000000026,0
2020-01-23,1332562,1487.55,1484.69,-0.0019226244495982657,0.4700478116300435,0.5960321177972759,0.9172399256519822,-0.005046382189239344,4.130625,0.0020868914590401436,-0.2137500000000001,0
2020-01-24,1489280,1492.82,1466.17,-0.017852118808697543,0.5251534884112828,0.597372278100774,0.9273382259949795,-0.002277367147968145,3.5565625,0.002037072087338566,-0.14687499999999987,1
2020-01-27,1706566,1431.54,1431.73,0.00013272419911427872,0.6009738809336069,0.5723052494712088,0.8099143464847567,-0.0054758905899547254,2.6159375000000002,9.115117388474877e-05,-1.964375,1
2020-01-28,1486586,1441.74,1450.5,0.006075991510258431,0.5233472940316929,0.5758118371849646,0.829459443922816,0.0236193620112266,-0.2287499999999998,-0.0002637017905427379,0.5999999999999999,0
2020-01-29,1081964,1458.46,1456.7,-0.001206752327797808,0.3814878164100987,0.5818702514019722,0.8614980742330466,-0.0069915417012984225,0.6256250000000003,0.0011364238216202598,0.1612499999999999,1
2020-01-30,1355472,1438.1,1454.25,0.01123009526458528,0.47805883512024266,0.5732054293747969,0.8224845267978613,-0.005487762840399887,0.6109374999999998,0.0005222411308115043,-0.4043750000000002,0
2020-01-31,2191075,1467.86,1432.78,-0.023898736936765037,0.7700902107032972,0.5844339981630656,0.8795102228524343,0.012768586531200752,-1.5534374999999998,0.0014077494214414497,-0.05187499999999989,1
2020-02-03,3608760,1461.65,1482.6,0.014333116683200368,1.2561421547782097,0.5813583116100812,0.8676107076474986,-0.00935877600137521,-1.8940625,-0.0025352447444315146,-2.3956249999999994,0
2020-02-04,4793967,1454.49,1445.41,-0.006242738004386367,1.6445154235045036,0.5779397388929103,0.8538908157203902,-0.02014963916302581,-0.9265624999999995,-0.001186868499249828,1.6568749999999999,0
2020-02-05,1818793,1463.61,1446.05,-0.011997731636159869,0.6229511679353971,0.5809712331941658,0.871366432253243,0.018959935248887023,-2.2606249999999997,-0.0014638119476881508,-0.38874999999999993,1
2020-02-06,1891079,1451.98,1475.97,0.01652226614691663,0.6465233940250129,0.5758086160503039,0.8490811888018089,-0.012591583011048641,-1.5415624999999997,-0.0025812815162345767,0.5681250000000002,1
2020-02-07,1418049,1467.385,1479.11,0.007990404699516425,0.4848945422474944,0.5813298276936731,0.8786000344913484,-0.004100826389129051,2.02125,0.0012375939318459346,1.4875000000000003,1
2020-02-10,1915072,1477.23,1508.66,0.021276307683976134,0.6536071482890201,0.5846187183564243,0.8974648858911223,0.005816513885783611,1.6954687500000003,0.002108181825135444,0.1853125,0
2020-02-11,1742647,1513.27,1510.06,-0.0021212341485657127,0.5940726095916944,0.5981603629835525,0.9665242301722651,0.0012710346086497162,2.2103125,0.0037941255624975917,2.0743750000000003,1
2020-02-12,1552136,1515.86,1518.63,0.0018273455332288005,0.5289402009740471,0.5984646363600342,0.9714871519727133,-0.0030556918059734465,4.093125000000001,0.0036898246114290476,-1.21,1
2020-02-13,1145658,1510.0,1513.39,0.0022450331125828476,0.3909358959471028,0.5954612860367394,0.9602583018759461,-0.003840906983828427,4.1828125,0.0026418498349914696,2.365625,1
2020-02-14,1159857,1514.53,1518.73,0.0027731375410193562,0.396275662058657,0.5965528988842446,0.9689386245616723,0.005682753534435714,2.4731250000000005,0.005542630644643979,-1.0975000000000004,1
2020-02-18,1284011,1514.34,1519.44,0.003367803795713074,0.43901440937181263,0.5957937625158458,0.9685745492172378,-0.0007532757583966278,4.1674999999999995,0.0042564234304491655,0.8299999999999998,0
2020-02-19,1137338,1527.2,1524.87,-0.001525667888947194,0.3893777580046059,0.6001370496562016,0.9932167014773795,0.002890573044583369,3.8787500000000006,0.005320522796085516,1.4162499999999993,0
2020-02-20,1298386,1519.01,1516.99,-0.0013298134969486584,0.4448043280374352,0.5962388183156857,0.9775231379462318,-0.005107144737534875,3.87875,0.006480129387658022,-1.6450000000000005,0
2020-02-21,2126843,1504.58,1483.46,-0.014037139932738633,0.7266761364768224,0.5899498172801614,0.9498725736294478,0.0038429505466039075,2.7970312500000007,0.0044945534113863695,-0.8590624999999996,0
2020-02-24,2478039,1423.05,1419.86,-0.0022416640314817152,0.8432696438437224,0.5576057466119982,0.7936459271466073,0.008180673570689379,0.06718750000000018,0.002046819629080173,-3.2843750000000003,0
2020-02-25,2578966,1431.0,1386.32,-0.031222921034241832,0.8738002501550517,0.560327526437447,0.8088796060321536,0.04072236528116706,-5.6381250000000005,-0.0005616544433677297,0.0012499999999997513,0
2020-02-26,2490178,1394.98,1390.47,-0.00323302126195357,0.8403970542780965,0.5459333488885971,0.7398585854714775,-0.007845843956446481,-6.7865625000000005,-0.0037886926865453602,-2.965625,0
2020-02-27,3114476,1359.14,1314.95,-0.03251320688082173,1.044509619395671,0.5317132702721783,0.6711824783950028,-0.006246753996191415,-7.435625,-0.0043442215905198,-0.4937499999999998,1
2020-02-28,4010900,1274.31,1339.25,0.050960912179924864,1.3323497920176732,0.4985350160635646,0.5086324180351427,0.022531949628542814,-11.224062499999999,-0.00819527101570686,-3.024375,1
2020-03-02,2771463,1351.39,1386.32,0.025847460762622065,0.9162758599965452,0.5285188838821647,0.6563320367141244,0.030906118103350012,-13.131874999999999,-0.0028315007125771655,3.74,0
2020-03-03,2830112,1397.68,1337.72,-0.04289966229752163,0.9311079711986846,0.5463363712652681,0.7450322877344934,-0.00906477506066836,-9.82375,-0.0003268028485335604,2.32875,1
2020-03-04,2379856,1358.96,1381.6,0.016659798669570753,0.7805058308478683,0.5310160660112951,0.6708375649108016,-0.008194356281378129,-9.393749999999999,-0.004913883516261531,-3.62125,0
2020-03-05,2718982,1345.55,1314.76,-0.022882836015012422,0.8878623321645267,0.5256255447256666,0.6451415103378235,-0.015877762162485428,-7.733750000000001,-0.0029078932475197264,2.7350000000000008,1
2020-03-06,3232315,1269.95,1295.74,0.02030788613724947,1.0490481763038233,0.496114583735771,0.5002778469733843,0.026092935726693658,-5.70625,-0.0038811802562349527,-1.7249999999999996,1
2020-03-09,3462578,1204.96,1215.79,0.008987850219094349,1.1161292969863834,0.47087727793451783,0.37574491731657317,0.03408226596489089,-7.8634375,-0.0013682260348790967,4.404375000000001,1
2020-03-10,2743566,1254.39,1275.17,0.01656582083721966,0.8806631858065984,0.4902461980048736,0.47046199245022724,0.07006035161374966,-11.396875,0.003110930137921174,0.9587500000000002,0
2020-03-11,2741694,1248.27,1210.9,-0.029937433407836358,0.8764416101714937,0.4879187667930626,0.45873493398739146,-0.031748904004803576,-4.516562499999999,0.00531799157807845,4.060625,0
2020-03-12,4716293,1122.62,1111.55,-0.009860861199693519,1.4914177442661054,0.4390956896993163,0.21796616015482762,0.021095226518817168,-4.8246875,0.005611445149771074,-6.394374999999998,1
2020-03-13,3969973,1174.99,1214.27,0.033430071745291425,1.2452962653526538,0.4597792502246216,0.3183168221970989,0.07290445123461904,-15.735624999999999,-0.0011293526563166826,-2.8749999999999982,0
2020-03-16,4825981,1089.61,1073.0,-0.01524398638044796,1.4975698590758224,0.4267056713425284,0.15471285952440242,-0.05707345598488602,-10.816875,-0.0002755513302701982,6.202500000000001,1
2020-03-17,4159686,1090.64,1118.06,0.02514120149636896,1.280040334266205,0.4274404856136607,0.15668653112844214,0.10266250504418299,-18.060937499999998,0.002817886459106399,-2.453125000000001,1
2020-03-18,4652238,1059.94,1091.19,0.02948280091325924,1.4176355110379002,0.41578081494415037,0.09785962021193027,-0.016439888164026188,-14.112812499999999,0.003779148629648032,3.6381250000000005,1
2020-03-19,3703248,1088.22,1111.67,0.021548951498777863,1.1210420622050343,0.4272029988744799,0.15204936095196125,0.05198289894996681,-12.954999999999998,0.009614790374912788,0.3412500000000005,0
2020-03-20,4143897,1130.9,1068.21,-0.05543372535149001,1.2446025511137024,0.4442185850454553,0.23383218042807613,0.002721799136722319,-6.901875,0.009766849840736232,0.7887499999999994,0
2020-03-23,4183629,1056.37,1054.13,-0.002120469153800072,1.2467110859086608,0.41531110025036233,0.09101883610860921,-0.017298298955625336,-10.326562499999998,0.0026211950306244186,-5.216875,1
2020-03-24,3623435,1103.98,1130.01,0.02357832569430603,1.0733260878756716,0.434325858903344,0.18224845267978618,0.011083962891191942,-10.895937499999997,0.000563204887524693,2.1956250000000006,0
2020-03-25,4516162,1124.58,1101.62,-0.020416511053015382,1.3263126791600224,0.4426930137994864,0.22172188476057242,-0.04729018242531747,-0.005625000000000213,0.006515980799246197,2.318750000000001,1
2020-03-26,3834422,1114.72,1162.92,0.04323955791588923,1.1189132114305735,0.43908716578270335,0.20282829057044863,0.004805267210024746,-5.095625,0.005343998919787221,-3.8899999999999997,0
2020-03-27,3139661,1127.47,1110.26,-0.015264264237629414,0.9123024444170827,0.4443628045064121,0.22725966236802272,-0.011891577858063704,3.5946874999999996,0.00643789818106603,4.050625,1
2020-03-30,2936827,1132.64,1146.31,0.012069148184771722,0.8503137870026506,0.44664346942546107,0.23716634410868626,0.03048361022254329,0.9071875,0.006432176926148321,-2.7893749999999997,1
2020-03-31,3263971,1148.73,1161.95,0.011508361407815611,0.9408041938969558,0.4532035850994872,0.267997777224213,-0.020157440599499313,3.994375,0.004977331629685006,-1.0987499999999994,0
2020-04-01,2598519,1124.0,1102.1,-0.019483985765124636,0.7471252298900073,0.443699149140885,0.22061049686703585,-0.0021111217733423534,3.4621875,0.002974059323749745,-0.6393749999999996,1
2020-04-02,2820534,1100.0,1117.03,0.015481818181818157,0.8084449696724005,0.43451094489619113,0.17462203230689635,0.032660613623649935,0.8434375000000001,-0.0015842777442756151,2.5493749999999986,0
2020-04-03,2568694,1114.71,1092.7,-0.019745045796664595,0.7345337102574236,0.4405831663768798,0.20280912871021525,0.0019054532256600211,3.329062500000001,0.006290978125753097,1.204375,1
2020-04-06,3165991,1133.0,1183.19,0.044298323036187165,0.9017156528106318,0.44804370016682094,0.23785617107708815,0.002076936161069923,-0.8306250000000002,0.004328940653145399,-3.0025000000000004,0
2020-04-07,3080955,1217.01,1182.56,-0.028307080467703673,0.8742448179225571,0.481354216634603,0.3988349588978098,-0.03688112016106887,2.8121875,0.006626619793378427,4.5718749999999995,1
2020-04-08,2016713,1203.1,1207.0,0.0032416258000166997,0.571852809825132,0.47596518582299707,0.3721808113131621,-0.028583743946449795,3.8103125,0.005742965663249747,-5.165625,0
2020-04-09,2701423,1218.18,1206.57,-0.009530611239718371,0.7640242403326326,0.4820160406614813,0.4010768965451167,-0.017369097551075602,5.3865625,0.0012954483476014297,1.3193750000000004,1
2020-04-13,1935128,1201.5,1210.41,0.00741573033707872,0.5470472706338372,0.47552950734859484,0.3691149136758196,-0.009262634631317369,4.55625,0.0019245607423908568,-1.58,1
2020-04-14,3167862,1239.9735,1265.23,0.020368580457566197,0.8921233138742171,0.4908003767403632,0.44283729664475835,0.004201994082398814,3.1634375000000006,0.0014023994282321062,-0.2693749999999999,1
2020-04-15,2111842,1246.51,1257.3,0.008656168021114925,0.5941890613039388,0.49341899473986583,0.4553624465863146,-0.02442436860237438,8.721984375000002,0.0023790510768753274,2.9472812500000005,0
2020-04-16,2894757,1267.14,1257.43,-0.007662925959246836,0.8120268474983373,0.5015775732908329,0.49489336424780134,0.014795728839815708,8.961875000000001,0.005493340390570932,-0.3899999999999999,0
2020-04-17,2552824,1281.7,1279.0,-0.0021065772021534256,0.7146381742881676,0.5073054543085671,0.5227930327476192,-0.007826294440467785,9.91125,0.0029106349862097975,0.7687500000000007,0
2020-04-20,1764608,1269.89,1261.15,-0.006882485884604185,0.4940129613885596,0.5026184427327762,0.500162875811984,-0.019301273231909513,7.640937499999999,0.004855715971384417,-3.3056249999999996,0
2020-04-21,2482404,1242.71,1212.16,-0.024583370215094394,0.6936885143224125,0.4918984556701708,0.4480809396976259,0.007122752150117201,4.1084375,-0.0008366522190363262,1.6068749999999992,1
2020-04-22,2315792,1241.11,1258.41,0.013939135129037864,0.6462373063029028,0.491305427765923,0.44501504206028303,0.014621575546128576,1.3990624999999997,-0.0004251777061399671,-2.1531249999999997,1
2020-04-23,1710122,1265.74,1271.17,0.004289980564728984,0.477322642284556,0.5010505097062298,0.4922107038151264,-0.023882985744456027,2.3365624999999994,0.0007596628730741761,1.8068750000000002,1
2020-04-24,1872004,1255.0,1276.6,0.017211155378485984,0.5223971497569849,0.49681381191632024,0.47163086592446396,-0.005824810673786704,3.9062499999999996,0.002290617594712725,-0.2175000000000001,0
2020-04-27,2209333,1292.0,1270.86,-0.01636222910216726,0.6158668910866466,0.5114066421001069,0.5425297487880123,0.012720564519301173,0.8248906249999997,0.0033742249649442837,-0.22853125000000007,0
2020-04-28,4035007,1283.2,1232.59,-0.03944046134663352,1.118346293025055,0.5078862878791482,0.5256673117826279,-0.012063293122356331,1.8453124999999997,-0.0007073489768938931,-1.9956250000000002,0
2020-04-29,5417888,1345.0,1342.18,-0.0020966542750928893,1.4879537172280477,0.5321885913957912,0.6440876080249871,-0.009709960184442147,-0.27437500000000015,-0.006049780132270249,-2.5562500000000004,1
2020-04-30,2792124,1331.36,1346.7,0.011522052637904208,0.7649571939708698,0.5266626670931517,0.6179508306666409,-0.09119820865007837,3.9524999999999997,-0.005436872097943733,-0.007499999999999396,0
2020-05-01,2443554,1324.09,1317.32,-0.00511294549464159,0.668429854065281,0.5236735416037352,0.6040201582769653,0.00806151186875096,4.594375,-0.003926951868077892,1.5050000000000001,1
2020-05-04,1540347,1308.13,1322.9,0.01129092674275491,0.42165927151700205,0.5172801370427466,0.573437829344473,0.016789188386426172,5.829375000000001,-0.0037340853091629564,1.4862499999999998,1
2020-05-05,1983318,1337.5,1349.02,0.008613084112149519,0.5427096547115201,0.5287564184872179,0.6297162128499435,0.006976285185072592,4.1096875,0.0002443287088543144,-0.15812499999999963,0
2020-05-06,1586629,1358.0,1345.43,-0.009256259204712767,0.43441729085840186,0.5366833006401178,0.668998026328396,-0.011036359513190647,4.6753124999999995,-0.0003533646755727092,0.3806249999999999,1
2020-05-07,1535819,1361.31,1369.28,0.005854654707597849,0.42080424318678034,0.5378089870943826,0.6753406020656484,-0.006656684111429051,5.3696874999999995,-0.0018633241050415737,-2.135625,1
2020-05-08,1666487,1381.82,1384.34,0.0018236818109449726,0.4567826010793517,0.5456891177506322,0.7146415774043343,-0.011802918026207147,5.241562500000001,-0.003131015898656985,1.8193750000000002,1
2020-05-11,1635856,1376.79,1403.59,0.019465568459968444,0.4485915677819079,0.5434925444801548,0.7050031617069384,-0.009158097686375296,7.824062499999999,-0.0011174934159208236,3.3206249999999997,0
2020-05-12,1695874,1408.22,1375.18,-0.02346224311542228,0.4651932123969428,0.5556259939119327,0.7652288884204879,0.005453862490428619,2.9125,0.005416761552534168,1.8512499999999996,0
2020-05-13,2018404,1376.16,1348.33,-0.02022293919311719,0.5534055209995397,0.5427718121677158,0.703795964512235,-0.003298684088658447,3.291875,0.0030407807664341834,-3.02375,1
2020-05-14,1833017,1333.52,1356.86,0.01750254964304991,0.5025648508299083,0.5258349598113792,0.6220897924770536,-0.0007126339824604911,2.5962500000000013,-0.0004865609351924267,-1.31625,1
2020-05-15,2077199,1348.26,1373.06,0.018394078293504187,0.5691690653502391,0.5315009859589606,0.6503343744610727,0.01098395793314689,1.8546875000000003,0.002023793365480137,0.5356250000000002,1
2020-05-18,2356449,1361.58,1385.18,0.017332804535906916,0.6448723798157312,0.5365811576804939,0.67585797229195,0.006338163111890623,1.0874999999999997,0.002809951644464241,0.8300000000000001,0
2020-05-19,1579250,1385.48,1374.4,-0.007997228397378472,0.43243476030957967,0.545783409543996,0.7216548182497557,0.008360887361076732,1.3540624999999997,0.003776644046525427,2.260625,1
2020-05-20,1913133,1389.16,1409.16,0.014397189668576693,0.5237522940159527,0.5470112982796472,0.7287063828156439,-0.0002165783508280184,0.9153125,0.003914799990906179,-1.1906250000000003,0
2020-05-21,1544976,1410.99,1406.75,-0.003004982317380002,0.4232418083865444,0.5553433835778846,0.7705367237051373,-0.010739231664726418,1.0049999999999997,0.004861663368471408,1.0924999999999996,1
2020-05-22,1427206,1403.9,1413.24,0.0066528955053778175,0.39134215182909726,0.5523058480587315,0.756950964799663,-0.0012986460018734047,1.1674999999999995,0.0043238681760686395,-1.9400000000000008,0
2020-05-26,2229488,1441.96,1421.37,-0.01427917556659002,0.6107529249204177,0.5669557103312086,0.8298810048479507,0.0020259463301936444,1.0543749999999992,0.002899725296287072,2.6487499999999997,1
2020-05-27,1584185,1420.0,1420.28,0.0001971830985915301,0.43421852914756065,0.5580467377225952,0.787801559775423,-0.020322096742237714,4.338749999999999,0.003917472151471693,0.4524999999999988,1
2020-05-28,1759787,1400.0,1418.24,0.013028571428571434,0.48242185928376435,0.5499549871251034,0.7494778393086401,0.0009638588122725898,4.684374999999999,0.006182238455018754,-1.441250000000001,1
2020-05-29,1852522,1420.43,1433.52,0.009215519244172481,0.5078105757762105,0.557709805548723,0.7886255197654589,0.014278874588109367,3.028749999999999,0.005681602935691632,-0.4100000000000006,1
2020-06-01,1259254,1425.7,1434.87,0.0064319281756329135,0.34563074119662884,0.5595002696276619,0.7987238201084562,-0.0015441674187726016,3.349687499999999,0.004658376299584298,-0.6568750000000004,1
2020-06-02,1172069,1435.0,1442.31,0.005094076655052227,0.3221775596385985,0.562854979091053,0.8165443501255102,0.0054551035214018195,3.146562499999999,0.0034444154442426125,1.265625,0
2020-06-03,1386640,1442.7,1439.25,-0.002391349552921637,0.3815334223793194,0.5655672687408801,0.8312989825052217,-9.060054220947484e-05,2.4684375000000003,0.004895206280827793,-0.7931250000000001,0
2020-06-04,1349105,1436.78,1414.3,-0.01564609752362924,0.3715995914278932,0.5629534663117133,0.8199551612470538,-0.0002703995673607616,2.0065625000000002,0.003028183692237225,0.04937500000000028,1
2020-06-05,2132350,1415.64,1440.02,0.017221892571557654,0.5869176545348577,0.5544220281360447,0.7794469887136645,0.0017161716171617352,1.060625,0.001623176482517362,-1.9887500000000005,1
2020-06-08,1693881,1426.28,1448.04,0.015256471380093664,0.46636002212883926,0.5583220503036794,0.7998352080019928,-0.000947465177119526,-0.23968749999999983,0.0027960294722845277,2.810625,1
2020-06-09,1681155,1445.24,1452.08,0.004732777946915335,0.46299611069910174,0.5654417744195751,0.836166095004503,0.009541534145359099,1.06375,0.006076326746712378,1.3425000000000002,1
2020-06-10,1588116,1461.51,1464.7,0.0021826740836532453,0.43759474213741023,0.5714750415992461,0.8673424416042309,0.001933648241761246,2.47125,0.006578568918109064,-0.7124999999999997,0
2020-06-11,2357243,1441.03,1401.9,-0.027154188323629546,0.6487402743878621,0.5631787642141082,0.8280989518462452,-0.006494132554680227,2.258125,0.00537100112395976,-0.6187499999999998,0
2020-06-12,1833756,1425.86,1412.92,-0.009075224776625916,0.5046517235974988,0.5569939449682281,0.7990304098721902,0.016160305864682235,-0.5512499999999996,0.0013316184798365506,-3.01875,1
2020-06-15,1527652,1389.49,1420.74,0.02249026621278311,0.42067940660998254,0.5426007425718181,0.7293387242033457,-0.017091090662671952,-1.2040625,-0.0003901996331371856,-1.2656249999999996,0
2020-06-16,1534826,1449.0,1446.47,-0.0017460317460317272,0.4229155982021087,0.5655429131184978,0.8433709544522582,0.016582679840330707,-2.24125,0.001543839781156383,2.16875,0
2020-06-17,1530500,1452.94,1452.54,-0.00027530386664286957,0.4219857399923451,0.5667789448403571,0.8509207273842145,-0.019891042696059794,1.3871875000000005,0.0016151571205703097,1.2468750000000002,0
2020-06-18,1743071,1449.85,1434.12,-0.010849398213608318,0.4806690325526506,0.565280539985822,0.8449997125720963,-0.004472958305391766,1.5568750000000005,0.0033209760624360847,-1.5487499999999998,0
2020-06-19,2639167,1440.0,1424.64,-0.010666666666666597,0.7264734084832538,0.561168651022136,0.8261252802422059,0.001851928346207371,0.30156249999999984,0.0002022760093187087,-2.3431249999999997,0
