Time,Day Open,Day Close,Normalized Day Change,Normalized Volume to Moving Average,Normalized Open to Moving Average,Normalized Open (52wk High/Low),Normalized Yesterday Close to Today Open,Past First Derivative,Past Average Normalized Open to Close,Past Second Derivative,Buy
2019-06-19,1.17,1.21,0.03418803418803422,0.5,0.5,0.9216573816155988,0,0,0,0,0
2019-06-20,1.23,1.22,-0.008130081300813016,0.5093698439422315,0.5125000000000001,0.9738857938718662,-0.016528925619834725,0.017499999999999998,0.4616044305759336,0,0
2019-06-21,1.22,1.2,-0.016393442622950834,0.7137756542591029,0.505524861878453,0.9651810584958217,0.0,0.004999999999999999,0.4548834341977696,-0.025,0
2019-06-24,1.21,1.09,-0.09917355371900817,0.36585754552750177,0.5010351966873706,0.9564763231197771,-0.008333333333333342,-0.006666666666666668,0.4407100869605444,-0.015,0
2019-06-25,1.09,1.07,-0.018348623853211024,0.27741351632921774,0.4603040540540541,0.8520194986072424,0.0,-0.01375,0.4463479738746557,-0.02666666666666667,1
2019-06-26,1.07,1.14,0.06542056074766339,0.3834824143807507,0.4592274678111588,0.8346100278551533,0.0,-0.008499999999999999,0.45810801365561077,-0.0075000000000000015,0
2019-06-27,1.13,1.1,-0.02654867256637151,0.2984674719949673,0.48706896551724127,0.8868384401114205,0.008771929824561412,-0.0062499999999999995,0.45772102042378976,0.003,1
2019-06-28,1.11,1.14,0.027027027027026848,0.5474768469425803,0.48104008667388953,0.8694289693593316,-0.009090909090909097,-0.004642857142857142,0.4615248502167876,-0.005833333333333334,0
2019-07-01,1.17,1.17,0.0,0.27377978638304706,0.5062499999999999,0.9216573816155988,-0.026315789473684237,-0.0012499999999999994,0.4614475883135398,-0.0007142857142857147,0
2019-07-02,1.15,1.11,-0.034782608695652015,0.26908969616491285,0.4978354978354978,0.9042479108635096,0.01709401709401711,-0.0033333333333333327,0.4599539922728836,-0.0025000000000000005,1
2019-07-03,1.1,1.11,0.009090909090909097,0.21934469164866335,0.47826086956521735,0.860724233983287,0.01709401709401711,-0.005937500000000001,0.4578085833241973,-0.0018750000000000008,1
2019-07-05,1.09,1.16,0.06422018348623838,0.4164075655346615,0.47598253275109165,0.8520194986072424,0.009009009009009016,-0.006562500000000001,0.46192038250326095,0.0018749999999999997,0
2019-07-08,1.15,1.15,0.0,0.2195799890126553,0.5020147750167896,0.9042479108635096,0.018018018018018032,-0.0015624999999999992,0.46975596928621616,0.011874999999999998,0
2019-07-09,1.13,1.13,0.0,0.20158924108703205,0.4937578027465666,0.8868384401114205,0.008620689655172422,0.0043749999999999995,0.4771922174885382,0.0012500000000000007,0
2019-07-10,1.13,1.13,0.0,0.28947794964496143,0.4941690962099124,0.8868384401114205,0.017391304347826105,0.0015625,0.4772571115489846,-0.004375000000000001,1
2019-07-11,1.13,1.15,0.017699115044247805,0.4089828770679079,0.49452954048140035,0.8868384401114205,0.0,0.0009374999999999996,0.4719877066061769,0.0018749999999999995,1
2019-07-12,1.15,1.16,0.008695652173913052,0.23880987433980655,0.5030880082346887,0.9042479108635096,0.0,0.0009374999999999996,0.4745959486510387,-0.0006250000000000001,0
2019-07-15,1.16,1.15,-0.008620689655172422,0.21312931350817238,0.5070422535211268,0.9129526462395542,0.0,-0.0009375000000000002,0.4725532578835602,0.0006249999999999994,0
2019-07-16,1.14,1.14,0.0,0.2627690908284168,0.4983893235158766,0.8955431754874651,0.0,0.0015624999999999999,0.47227590679975745,0.0018749999999999995,1
2019-07-17,1.13,1.14,0.008849557522123902,0.13803573065680097,0.4943132108486439,0.8868384401114205,0.008695652173913052,0.0021875,0.4745845836574454,-0.0006250000000000002,0
2019-07-18,1.12,1.08,-0.03571428571428574,0.3591462052197756,0.49040867389491244,0.8781337047353761,0.008771929824561412,0.0006249999999999997,0.47383191952449955,-0.00375,0
2019-07-19,0.98,0.8967,-0.08499999999999992,1.8939603736952741,0.43189102564102566,0.7562674094707521,0.01754385964912263,-0.003125,0.4672617491013003,-0.0024999999999999996,0
2019-07-22,0.94,0.8179,-0.12989361702127658,1.5131243518499797,0.4173745173745173,0.7214484679665738,0.09259259259259267,-0.011978125,0.4670243623135259,-0.005206249999999999,0
2019-07-23,0.83,0.7867,-0.05216867469879519,1.299868164174965,0.3726150392817059,0.6256963788300836,-0.048288167726106716,-0.015690625,0.4651401628824991,-0.007631249999999999,1
2019-07-24,0.786,0.8355,0.0629770992366412,1.2008774470918075,0.3570649803750545,0.5873955431754875,-0.014793984594693728,-0.020728125,0.4710627536792529,-0.00395625,0
2019-07-25,0.852,0.8179,-0.04002347417840378,0.9268948884745455,0.3904399323181049,0.6448467966573816,0.0008897928053895041,-0.021515625000000003,0.48314639150220906,0.0024687500000000013,0
2019-07-26,0.83,0.79,-0.04819277108433726,0.7179747409082239,0.38375916158641005,0.6256963788300836,-0.019748653500897616,-0.020003125,0.4888993731241445,-0.0015062499999999993,0
2019-07-29,0.8098,0.7505,-0.07322795752037543,0.829444856961913,0.3778084364731837,0.6081128133704735,-0.014793984594693728,-0.020625,0.49626124319093257,-0.0024999999999999983,1
2019-07-30,0.75,0.7914,0.05519999999999999,0.5404926030844487,0.3535688508280827,0.5560584958217271,-0.025063291139240416,-0.022178125,0.5020936289315645,-0.004331249999999999,1
2019-07-31,0.7954,0.7955,0.00012572290671358937,0.4716930515124762,0.3781232965277691,0.5955779944289694,0.000666222518321046,-0.020581250000000002,0.5155277745459917,0.0050875,0
2019-08-01,0.7996,0.7238,-0.09479739869934965,0.9654118655173701,0.383082762542964,0.599233983286908,-0.005054334091483452,-0.00893125,0.5271060473694593,0.005212499999999998,0
2019-08-02,0.732,0.7232,-0.012021857923497309,0.5206957866573245,0.3539994196730826,0.5403899721448467,-0.005153991200502819,-0.007328125,0.5327259107684588,0.0028937499999999953,0
2019-08-05,0.72,0.6822,-0.05249999999999993,0.7585168960603819,0.35142938280954195,0.5299442896935933,-0.011329096435479394,-0.005046874999999999,0.5460326442060226,0.0021562499999999993,0
2019-08-06,0.68,0.6465,-0.049264705882353065,0.48401841090561337,0.3352201549668261,0.4951253481894151,0.004424778761061921,-0.006853125000000001,0.5501028352510516,-0.005456250000000001,0
2019-08-07,0.64,0.6362,-0.00593750000000004,0.34327385136251076,0.318863025554594,0.4603064066852368,0.003224860744649633,-0.01073125,0.548733017384873,3.749999999999934e-05,1
2019-08-08,0.6478,0.6941,0.07147267675208398,0.5034211390894278,0.32595897418694775,0.4670961002785516,0.010054137664346405,-0.01074375,0.5582768782662464,0.0022625,0
2019-08-09,0.6663,0.6001,-0.09935464505478019,0.5000001778945686,0.33827997003202637,0.483199860724234,-0.018233259981138093,-0.0068249999999999995,0.5705410640404673,0.0066,0
2019-08-12,0.6063,0.5901,-0.026719445818901524,0.33259144812714847,0.3109633636746463,0.43097144846796653,0.040051865725399864,-0.00859375,0.5750546304217633,-0.006725,1
2019-08-13,0.59,0.5995,0.016101694915254348,0.8946723188834794,0.3056978573250575,0.4167827298050139,-0.01033161139810029,-0.012328125,0.5769854871970203,-0.0010187499999999986,0
2019-08-14,0.5701,0.57,-0.00017540782318908963,0.7369913303721564,0.2984402687585232,0.3994603064066853,0.00016946280291474155,-0.010434375,0.5856378223400098,0.005331249999999999,0
2019-08-15,0.64,0.5824,-0.08999999999999997,0.8297338606538217,0.3377499980692647,0.4603064066852368,0.04904086738949121,-0.009846874999999998,0.5993355833804953,0.0005437500000000008,1
2019-08-16,0.58,0.605,0.043103448275862113,0.5282256472027379,0.3089386764336608,0.40807799442896936,-0.12280701754385977,-0.00561875,0.599596446959108,-0.001237499999999999,0
2019-08-19,0.6126,0.5918,-0.03395364022200464,0.4156981255241728,0.32896080963287305,0.43645543175487467,0.004120879120879239,-0.0044218750000000005,0.6095203994662222,0.003656250000000001,0
2019-08-20,0.6379,0.6108,-0.042483147828813315,0.6581502084693002,0.3450159554329603,0.45847841225626745,-0.012561983471074465,-0.0022437499999999997,0.6130671259068775,-0.0010624999999999992,0
2019-08-21,0.65,0.6011,-0.07523076923076931,0.5489392980526849,0.3538951454055338,0.46901114206128136,-0.07789793849273409,-0.0029125,0.6115730462215908,-0.0045874999999999996,0
2019-08-22,0.6203,0.5815,-0.06255037884894397,0.5742049741138765,0.3401245884599523,0.44315807799442897,-0.06417812704649642,-0.0004781249999999986,0.6050682025017939,0.0010812500000000006,0
2019-08-23,0.5947,0.5508,-0.07381873213384908,0.6985274047395397,0.32851873965698825,0.4208739554317549,-0.03194144069206454,0.0001687500000000004,0.6087148901029434,-0.0014125000000000001,1
2019-08-26,0.57,0.5716,0.0028070175438597296,0.5493503591715859,0.31732187758055996,0.39937325905292476,-0.022699914015477194,-0.0013750000000000001,0.607279898898262,-0.0033375,0
2019-08-27,0.5882,0.581,-0.012240734444066618,0.5786254274716733,0.3297764250898191,0.41521587743732585,-0.03485838779956427,4.687499999999928e-05,0.6076194681273877,0.00010624999999999979,1
2019-08-28,0.5726,0.6381,0.11439049947607405,0.673627867035249,0.3233449886609024,0.40163649025069637,-0.029041287613715796,-0.0016625000000000006,0.6063163314272362,0.00315,1
2019-08-29,0.683465,0.7256,0.061649096881332674,1.9319659460565346,0.38768395730269783,0.4981415389972145,0.014457831325301143,0.0008031249999999996,0.6177503572770967,0.00253125,0
2019-08-30,0.77,0.7441,-0.03363636363636368,0.7599190240461468,0.4378342600497125,0.5734679665738162,-0.07109387243378779,0.006395624999999999,0.6144511907996514,0.003933124999999999,0
2019-09-03,0.7551,0.7097,-0.060124486822937355,0.3561599052195833,0.430509444189796,0.5604979108635098,-0.06119073869900771,0.00829375,0.6081312825815769,7.437499999999892e-05,0
2019-09-04,0.7276,0.7195,-0.011132490379329295,0.3771267307041041,0.41614340352694107,0.5365598885793872,-0.014782959279666726,0.006678125,0.6025655409393472,0.00021812499999999827,1
2019-09-05,0.7436,0.7542,0.014254975793437255,0.5259845382894051,0.42645292787806993,0.5504874651810585,-0.02522192475693959,0.0076656250000000006,0.6023127482910927,0.001918125,0
2019-09-06,0.7777,0.7694,-0.01067249582101064,0.3823535865152385,0.4468708767549716,0.5801706128133705,-0.03349548297428771,0.011009375,0.600799630174641,0.003405625,1
2019-09-09,0.79,0.8482,0.07367088607594927,0.6237122157112965,0.4546733667123966,0.5908774373259054,-0.03115884380800844,0.012671875,0.5961670914817592,-0.0006193750000000014,1
2019-09-10,0.87,1.01,0.16091954022988508,1.4152992893557914,0.5007038729533879,0.6605153203342619,-0.026774109695866993,0.01465625,0.5909683582504317,0.004086874999999999,1
2019-09-11,1.06,1.25,0.17924528301886786,1.8858168347623727,0.6077855836641542,0.8259052924791087,-0.025701485498703186,0.020915625,0.5892478561188093,0.004655624999999998,0
2019-09-12,1.25,1.11,-0.11199999999999992,1.408680798505373,0.7115875775025612,0.9912952646239555,-0.04950495049504955,0.028154375000000002,0.578151136554633,0.00924125,0
2019-09-13,1.1,0.9701,-0.11809090909090919,0.8437917228038775,0.6236167859051084,0.860724233983287,0.0,0.026434375,0.5518378635884151,-0.0071312500000000004,0
2019-09-16,0.9791,0.943,-0.03687059544479626,0.5703936106052243,0.5540912149941496,0.755483983286908,0.009009009009009016,0.018915624999999995,0.5367261247309135,-0.0052812499999999995,0
2019-09-17,0.974,0.8866,-0.08973305954825454,0.8255849854389306,0.5503104677638977,0.7510445682451253,-0.009277394083084227,0.014843749999999996,0.5304082281748391,-0.0017499999999999998,0
2019-09-18,0.8703,0.8415,-0.03309203722854181,0.6092850407715033,0.4918471846819103,0.6607764623955431,-0.03287380699893958,0.011337499999999997,0.5179816639309709,-0.006124999999999999,0
2019-09-19,0.8521,0.81,-0.0494073465555685,0.6625524565984274,0.4818348777411365,0.6449338440111421,0.01838484096548623,0.005146874999999993,0.5112782826573385,-0.0012812500000000014,1
2019-09-20,0.838819,0.95,0.13254468484857876,1.2315345781153213,0.4746942314306438,0.6333730849582173,-0.012596553773024292,0.0007468749999999943,0.5067606203748747,-0.00626875,0
2019-09-23,0.94,0.9033,-0.03904255319148932,0.4636900751923711,0.5314464402573194,0.7214484679665738,-0.03557901234567892,-0.0028493749999999995,0.5082181087780805,-0.0018012500000000042,0
2019-09-24,0.9,0.8411,-0.06544444444444451,0.4541794315270063,0.5086995604436818,0.6866295264623956,0.010526315789473694,-0.014584375,0.49565374470067813,-0.014168750000000003,1
2019-09-25,0.85,0.8838,0.039764705882353,0.3411433537655006,0.4807110372762272,0.6431058495821727,0.0036532713384257384,-0.019340625,0.4865032876519073,0.005068749999999996,0
2019-09-26,0.8975,0.8584,-0.04356545961002776,0.2809220049743141,0.5074644814442392,0.6844533426183844,-0.01058138152419453,-0.010509374999999996,0.5061242419395283,0.010231249999999999,1
2019-09-27,0.877,0.9,0.026225769669327274,0.3266233929330821,0.49593101927424,0.666608635097493,-0.015501244625480803,-0.005193750000000001,0.5163542229086397,-0.0001875000000000006,0
2019-09-30,0.898,0.8889,-0.01013363028953229,0.22345629937118586,0.5076961318668148,0.6848885793871866,-0.021668219944081954,-0.0026124999999999968,0.5227963432796225,0.0069,0
2019-10-01,0.91,0.86,-0.05494505494505499,0.4009366591679476,0.514276463259371,0.6953342618384402,0.002222222222222224,0.0023468750000000013,0.5294369920508455,0.0012312499999999993,1
2019-10-02,0.884,0.89,0.006787330316742088,0.25316756871127555,0.49958848254565413,0.6727019498607243,-0.023737203284958947,0.0033718750000000003,0.5270044605319312,-0.0004937500000000003,1
2019-10-03,0.8641,0.9439,0.09235042240481424,0.2978520801487333,0.4884939520593246,0.6553795264623955,-0.02790697674418607,-0.000463125,0.5288681916836766,-0.0065737500000000015,0
2019-10-04,0.94,0.9169,-0.024574468085106275,0.23199725827320142,0.53096305400911,0.7214484679665738,0.029101123595505655,-0.001103125,0.5260871016043034,0.00728125,1
2019-10-07,0.9314,1.01,0.08438909168992914,0.4638041704137816,0.525748817717968,0.7139623955431755,0.004131793622205757,0.0036187500000000004,0.5268660248574535,0.0022375,0
2019-10-08,0.98,0.9622,-0.018163265306122375,0.3333531563375134,0.5524288193587248,0.7562674094707521,-0.015814156396553557,0.0064875,0.533881493441585,0.0028000000000000017,0
2019-10-09,0.998,0.9884,-0.009619238476953961,0.21802877300018247,0.5616856548267893,0.7719359331476323,0.02970297029702973,0.005821875,0.52690924846934,0.0013312500000000008,0
2019-10-10,0.99,0.9745,-0.015656565656565615,0.13030405198122144,0.556387764279973,0.7649721448467967,-0.03720640199542709,0.006543749999999999,0.5257195299849354,-0.002037499999999999,1
2019-10-11,0.98,1.0,0.02040816326530614,0.3419059382283884,0.5500781501807317,0.7562674094707521,-0.0016187778227438748,0.00555,0.5201311934642333,-0.0003999999999999992,0
2019-10-14,1.0,0.9919,-0.008099999999999996,0.1657640178419778,0.560466211651945,0.7736768802228412,-0.005643919958953257,0.006562499999999999,0.5193618207770526,0.0043749999999999995,1
2019-10-15,0.9948,1.01,0.01527945315641334,0.18786281387799098,0.5567796508677813,0.7691504178272981,0.0,0.006809374999999999,0.5192026875600658,-0.0008812499999999993,1
2019-10-16,1.01,1.02,0.00990099009900991,0.14364640249055685,0.5644095924403921,0.7823816155988857,-0.0029236818227644052,0.006149999999999999,0.516419679150326,-0.004037499999999999,0
2019-10-17,1.03,1.01,-0.019417475728155355,0.3220393960209065,0.5745641607627766,0.799791086350975,0.0,0.005409375,0.5078893228077728,0.002068750000000001,0
2019-10-18,1.01,1.0,-0.00990099009900991,0.2555634658348684,0.5625780005394946,0.7823816155988857,-0.00980392156862746,0.0030812500000000007,0.5055784249920757,-0.0061625000000000004,1
2019-10-21,1.01,1.02,0.00990099009900991,0.17119627498130033,0.5617698526282109,0.7823816155988857,0.0,0.002118750000000001,0.49825423684785,0.0004875000000000004,1
2019-10-22,1.01,1.07,0.05940594059405946,0.3418787037031722,0.5609823118389081,0.7823816155988857,-0.010000000000000009,0.0013625,0.4989683430843442,0.0012250000000000004,1
2019-10-23,1.04,1.06,0.019230769230769246,0.372284283016987,0.5766390129136238,0.8084958217270195,0.00980392156862746,0.003609375,0.5024869529047782,0.004718750000000001,0
2019-10-24,1.06,1.06,0.0,0.2051658803031377,0.5865846684426695,0.8259052924791087,0.028037383177570117,0.0037500000000000003,0.5030732175613947,8.673617379884035e-19,0
2019-10-25,1.05,1.01,-0.038095238095238126,0.35240288416927773,0.5800176437057298,0.817200557103064,0.0,0.004003125,0.4997715929005466,0.0005062500000000008,0
2019-10-28,1.02,1.02,0.0,0.14116914495988,0.5626696463374234,0.7910863509749304,0.009433962264150952,0.0017250000000000004,0.4966985576701945,-0.0034499999999999986,1
2019-10-29,1.01,1.03,0.01980198019801982,0.1606067282864704,0.5564693192924625,0.7823816155988857,-0.00990099009900991,0.00031250000000000044,0.4951570359623789,-0.0006249999999999987,0
2019-10-30,1.01,1.01,0.0,0.22365050669090983,0.5558015377074402,0.7823816155988857,0.00980392156862746,1.6263032587282567e-19,0.49570982755994664,0.0025000000000000005,1
2019-10-31,0.9975,1.0,0.0025062656641603475,0.28796557099349085,0.5483580223726947,0.7715006963788301,0.019417475728155355,0.0003125000000000006,0.49734914057342333,0.000625000000000001,1
2019-11-01,1.01,1.03,0.01980198019801982,0.24363717748393388,0.5545915536163967,0.7823816155988857,0.012376237623762332,-0.0010156249999999996,0.4983869220457032,-0.00046874999999999933,0
2019-11-04,1.03,1.01,-0.019417475728155355,0.3428180123811265,0.5648099233423305,0.799791086350975,-0.010000000000000009,-0.0012500000000000002,0.49893971364327094,-0.0024999999999999988,1
2019-11-05,1.01,1.05,0.03960396039603964,0.3665116057306614,0.5532348285437064,0.7823816155988857,0.0,-0.001875,0.49398365104438785,-0.0025000000000000005,0
2019-11-06,1.05,1.02,-0.028571428571428595,0.29183013312515743,0.5742733240931032,0.817200557103064,0.0,-0.0018750000000000001,0.4959184216358749,0.0024999999999999996,1
2019-11-07,1.02,1.04,0.01960784313725492,0.17645226466609298,0.5572206376518309,0.7910863509749304,0.0,0.0003125000000000003,0.49455551480292315,0.0006249999999999993,0
2019-11-08,1.03,1.03,0.0,0.15451279186498393,0.5619860148189276,0.799791086350975,0.0,0.000625,0.4986286050387759,0.0012499999999999996,1
2019-11-11,1.02,1.08,0.058823529411764754,0.8228503390447865,0.5559136495331414,0.7910863509749304,0.009615384615384623,0.0006249999999999999,0.4983576419818791,-0.0012500000000000002,1
2019-11-12,1.06,1.14,0.0754716981132074,0.6388845689017518,0.576843719965082,0.8259052924791087,0.009708737864077678,0.0025000000000000005,0.5002787296130303,0.00375,0
2019-11-13,1.15,1.09,-0.05217391304347812,0.4763110163473972,0.6243104136522111,0.9042479108635096,0.018518518518518535,0.006328125,0.5032519970407245,0.004843750000000001,0
2019-11-14,1.1,1.1,0.0,0.47561267090715365,0.5960632945523715,0.860724233983287,-0.008771929824561412,0.00625,0.4960666587787499,-0.005000000000000001,0
2019-11-15,1.23,1.17,-0.04878048780487809,1.481224288156611,0.664419767995502,0.9738857938718662,-0.009174311926605512,0.005000000000000001,0.49259196873689554,0.0012499999999999998,0
2019-11-18,1.15,1.06,-0.07826086956521727,0.534806394204833,0.6198013001149518,0.9042479108635096,-0.11818181818181807,0.010625,0.48578819573550397,-0.00625,1
2019-11-19,1.06,1.07,0.009433962264150952,0.33488603717174603,0.5705418365251312,0.8259052924791087,0.01709401709401711,0.004375,0.47532629336107113,-0.0037500000000000003,1
2019-11-20,1.08,1.11,0.0277777777777778,0.4269861441325245,0.5804408360383426,0.8433147632311978,0.0,0.0021875000000000006,0.47722857451980505,-0.0006249999999999994,0
2019-11-21,1.14,1.08,-0.05263157894736828,0.43309897427800287,0.6114348020731908,0.8955431754874651,-0.009345794392523372,0.004062500000000001,0.4761443314801164,0.001875,1
2019-11-22,1.08,1.1,0.018518518518518535,0.32686757164351604,0.5784280275534778,0.8433147632311978,-0.027027027027026848,0.0037500000000000007,0.47021560914791366,-0.0075,1
2019-11-25,1.1,1.15,0.04545454545454529,0.46272559325365037,0.5882033675712253,0.860724233983287,0.0,-0.0006249999999999996,0.46639695805203485,-0.0037500000000000007,1
2019-11-26,1.15,1.17,0.017391304347826105,0.3945924162424266,0.6136914307916063,0.9042479108635096,0.0,0.0003125000000000007,0.4637000864231244,0.006875,0
2019-11-27,1.18,1.11,-0.059322033898304954,0.4017342570286156,0.6282711714774525,0.9303621169916434,0.0,0.0037500000000000007,0.46783445334818896,0.00125,0
2019-11-29,1.13,1.13,0.0,0.14510531991473474,0.6005877820211404,0.8868384401114205,-0.008547008547008555,-0.0034375000000000005,0.46232501205893123,-0.0006249999999999997,0
2019-12-02,1.15,1.1,-0.043478260869565064,0.32651427660304694,0.6100478595807748,0.9042479108635096,-0.018018018018017834,0.0015625000000000005,0.4676537792142631,0.005625000000000001,1
2019-12-03,1.11,1.13,0.018018018018017834,0.18532228293758443,0.5879360573293202,0.8694289693593316,-0.017699115044247805,0.00375,0.4697209626767955,-0.0037500000000000007,1
2019-12-04,1.12,1.14,0.017857142857142672,0.287981387163254,0.5922968213057339,0.8781337047353761,-0.009090909090909097,0.0015625000000000003,0.4689566360255687,-0.0006250000000000011,0
2019-12-05,1.13,1.1,-0.02654867256637151,0.5353033376845232,0.5966066987977993,0.8868384401114205,0.008849557522123706,0.0012500000000000005,0.4673943880010565,0.004999999999999999,1
2019-12-06,1.1,1.13,0.027272727272727094,0.6011214514266666,0.5799868473043317,0.860724233983287,0.008771929824561412,0.0015625000000000003,0.46918846851041923,-0.003125,1
2019-12-09,1.1,1.14,0.03636363636363619,0.26890466473043,0.5792210610800662,0.860724233983287,0.0,-0.0006249999999999999,0.4691986435205943,-0.0012500000000000002,1
2019-12-10,1.15,1.17,0.017391304347826105,0.17446574443386204,0.604503309231216,0.9042479108635096,0.02654867256637151,-0.0025,0.46866954299149377,0.0012500000000000002,0
2019-12-11,1.17,1.13,-0.03418803418803422,0.22260120025563906,0.6138683625307342,0.9216573816155988,-0.008771929824561412,0.0009375000000000002,0.4686695429914939,0.005624999999999999,1
2019-12-12,1.12,1.13,0.008928571428571237,0.20487271620569447,0.5868052446462386,0.8781337047353761,0.0,0.00125,0.47042407730003816,-0.0024999999999999996,0
2019-12-13,1.14,1.11,-0.026315789473684043,0.27223984171493726,0.5963556567711299,0.8955431754874651,0.008849557522123706,2.168404344971009e-19,0.47119424688498324,0.003749999999999999,0
2019-12-16,1.11,1.1,-0.009009009009009016,0.2886327951468911,0.5799195864742948,0.8694289693593316,-0.008849557522123902,0.00031250000000000006,0.47246208720955024,-0.003125,0
2019-12-17,1.1,1.06,-0.03636363636363639,0.5779342315596422,0.5740198658044277,0.860724233983287,0.0,-0.0015625,0.47088230837858674,-0.0018750000000000004,1
2019-12-18,1.04,1.06,0.019230769230769246,0.3563224602320649,0.5423477615329484,0.8084958217270195,0.0,-0.0021874999999999998,0.46821683967538213,-0.0006249999999999997,1
2019-12-19,1.08,1.09,0.009259259259259267,0.20257023265022475,0.5626559116623432,0.8433147632311978,0.018867924528301903,-0.0040625,0.47317249956061946,-0.0006250000000000001,0
2019-12-20,1.09,1.08,-0.009174311926605512,0.5565002823745451,0.5672734055405788,0.8520194986072424,-0.018867924528301903,-0.0021875,0.47262813651625646,-0.001874999999999999,1
2019-12-23,1.08,1.1,0.018518518518518535,0.3189597947157357,0.5615369391445414,0.8433147632311978,0.0,-0.0046875,0.47023326043716984,-0.0018750000000000004,0
2019-12-24,1.1,1.1,0.0,0.1636566903548321,0.5713130767015977,0.860724233983287,0.0,-0.0037499999999999994,0.47200726162977563,0.00375,1
2019-12-26,1.1,1.15,0.04545454545454529,0.36538185826315117,0.570701069947089,0.860724233983287,0.0,-0.0015624999999999992,0.4757621686104891,-0.0006250000000000002,0
2019-12-27,1.14,1.14,0.0,0.30724917731028645,0.590647612396343,0.8955431754874651,0.0,8.673617379884035e-19,0.47838271368386437,0.005,0
2019-12-30,1.13,1.11,-0.017699115044247607,0.28058042855475884,0.5847261301493116,0.8868384401114205,0.008695652173913052,0.0021874999999999998,0.4799403460826183,0.0006250000000000009,1
2019-12-31,1.1,1.12,0.018181818181818195,0.3783392358343625,0.5686237489935435,0.860724233983287,0.008771929824561412,0.0025000000000000005,0.4789291887401079,0.0012499999999999998,0
2020-01-02,1.12,1.12,0.0,0.2551100801119647,0.5782957407433258,0.8781337047353761,0.009009009009009016,0.0037500000000000003,0.4821037919147111,4.336808689942018e-19,0
2020-01-03,1.1,1.1,0.0,0.2556655714821215,0.5674100989907097,0.860724233983287,0.0,0.0021875,0.4789591378266608,-0.0006249999999999999,1
2020-01-06,1.08,1.12,0.03703703703703707,0.2815555449875036,0.5566362806243023,0.8433147632311978,0.01785714285714287,0.0009375000000000001,0.4779161992837222,0.0006249999999999999,1
2020-01-07,1.12,1.18,0.053571428571428416,0.4460630106874922,0.57661608204023,0.8781337047353761,0.018181818181818195,0.0006250000000000007,0.48084017589190936,0.0012499999999999998,1
2020-01-08,1.18,1.2,0.0169491525423729,0.5501784650493005,0.6065812468440492,0.9303621169916434,0.0,0.003125,0.48190855196028537,0.00375,0
2020-01-09,1.18,1.07,-0.09322033898305075,0.8294943275953639,0.6056720456918179,0.9303621169916434,0.0,0.004062499999999999,0.4809862666343303,-0.0018749999999999997,0
2020-01-10,1.08,1.01,-0.06481481481481487,0.4533645827405771,0.5539228945643276,0.8433147632311978,0.016666666666666684,-0.0009375000000000004,0.47079258671587987,-0.006875,0
2020-01-13,0.9898,0.8457,-0.14558496665993131,1.3633529946753904,0.5076060708619371,0.7647980501392758,-0.009345794392523372,-0.004687500000000001,0.4685509939369038,-0.003125,0
2020-01-14,0.86,0.7999,-0.06988372093023248,0.9257003177889072,0.441398791993095,0.6518105849582173,0.019999999999999997,-0.012015625,0.46522319797300177,-0.010256250000000001,0
2020-01-15,0.81,0.7681,-0.05172839506172845,0.7741718777024943,0.41621651040867863,0.6082869080779945,-0.016909069409956224,-0.018128125,0.4674018974097657,-0.003756249999999999,1
2020-01-16,0.78,0.842,0.07948717948717941,0.8090963526563228,0.4013427543848706,0.5821727019498607,-0.012626578322290282,-0.019434375000000004,0.47380622000610334,-0.002618749999999999,0
2020-01-17,0.8611,0.8491,-0.013935663685983058,0.30991026754196715,0.44341322593820726,0.6527681058495821,-0.015492774378336183,-0.018062500000000006,0.48718830192751106,0.0013750000000000017,0
2020-01-21,0.839,0.8051,-0.04040524433849813,0.35660531133612094,0.4324276001403126,0.6335306406685236,-0.022684085510688845,-0.018431250000000007,0.4906181731506229,-0.0045,0
2020-01-22,0.8081,0.7937,-0.01781957678505145,0.38810128376349273,0.4169656958952617,0.606633008356546,0.01189494759156754,-0.022996875000000003,0.4934337129971579,-0.00336875,1
2020-01-23,0.79,0.8141,0.030506329113924063,0.3303200528335807,0.4081257456189484,0.5908774373259054,-0.0037262451869333035,-0.020256250000000007,0.502012900288958,0.005975000000000001,0
2020-01-24,0.815,0.7968,-0.022331288343558277,0.3299451906406525,0.42147900562310403,0.6126392757660166,0.0046617109739195235,-0.015184375000000003,0.5202202363216233,0.005881250000000003,1
2020-01-27,0.78,0.7868,0.008717948717948754,0.2795713566933187,0.40388880139205774,0.5821727019498607,-0.0011055152929614308,-0.006990625000000001,0.5306448201552979,0.007868750000000002,1
2020-01-28,0.8,0.8039,0.004874999999999879,0.3112906712850757,0.4147067843956391,0.5995821727019499,0.0210843373493975,-0.002909375,0.545697513987475,0.004181250000000002,0
2020-01-29,0.81,0.8,-0.012345679012345689,0.16897178644661487,0.4203250964032597,0.6082869080779945,-0.016776817488561246,0.0008062499999999997,0.5515196963849262,0.0028625000000000005,0
2020-01-30,0.791,0.7824,-0.010872313527180849,0.21609130071210825,0.4109373242053711,0.5917479108635098,-0.007588008458763659,-0.0003750000000000002,0.5534779529840668,-0.0045,0
2020-01-31,0.78,0.745,-0.04487179487179491,0.41349751936372364,0.40571248479422983,0.5821727019498607,0.01125000000000001,-0.004275000000000001,0.5486908742975283,0.00021250000000000034,0
2020-02-03,0.7393,0.7056,-0.04558366021912614,0.4534735845514445,0.38510544156091653,0.5467444289693593,0.003067484662576633,-0.003721875,0.5499426510144914,-6.87499999999998e-05,1
2020-02-04,0.71,0.7148,0.006760563380281728,0.2627539755821349,0.3704494085226687,0.5212395543175488,0.007651006711409447,-0.004903125,0.5533013702888033,-0.0012062499999999996,0
2020-02-05,0.74,0.7293,-0.014459459459459518,0.3042541766628245,0.38665268655952917,0.5473537604456824,-0.006235827664399035,-0.0056031250000000005,0.558023564210826,-0.00120625,0
2020-02-06,0.7313,0.7258,-0.007520853274989675,0.2740502353563282,0.3826673252891289,0.5397806406685236,-0.035254616675993285,-0.004453125,0.5576280434733673,0.0004687500000000004,0
2020-02-07,0.7298,0.693,-0.05042477391066053,0.38621815626935846,0.3824401104679478,0.538474930362117,-0.002742355683532157,-0.0034281250000000006,0.5613488439440615,-0.0007687499999999995,1
2020-02-10,0.7019,0.7101,0.011682575865507886,0.31754699195469904,0.3684170738747047,0.5141887186629527,-0.005511160099200886,-0.0056593749999999995,0.5603721107617996,-0.0025437499999999996,0
2020-02-11,0.715,0.7102,-0.006713286713286595,0.2675910828114806,0.3758646939413866,0.525591922005571,-0.012842712842712871,-0.006187499999999999,0.564224834188558,0.0011374999999999996,1
2020-02-12,0.7252,0.7357,0.01447876447876457,0.37772430432203397,0.38177631421434316,0.5344707520891364,-0.0069004365582312575,-0.004631250000000001,0.5679281918799639,0.00023749999999999965,0
2020-02-13,0.74,0.7153,-0.0333783783783783,0.2507170441716457,0.3900866818081098,0.5473537604456824,-0.021120811039143764,-0.0020031250000000006,0.5715041569370923,0.0028437500000000004,0
2020-02-14,0.7163,0.7107,-0.007817953371492459,0.2747188294498322,0.3781477098813185,0.5267235376044569,-0.005844773684925881,0.000325,0.573546646928052,0.0005624999999999998,0
2020-02-18,0.7162,0.7128,-0.004747277296844399,0.47824997012921067,0.3786444261675969,0.5266364902506964,-0.001398014818957082,6.87499999999998e-05,0.5761930420569801,-0.0006500000000000003,1
2020-02-19,0.701,0.7126,0.016547788873038597,0.3498407639078836,0.3711767779871782,0.5134052924791086,-0.007738849022090825,-0.0012593749999999996,0.5754262876963822,0.0004562499999999995,1
2020-02-20,0.7102,0.7693,0.08321599549422687,0.5064021636031059,0.3765973179947651,0.5214136490250697,0.016554433221099934,-0.001359375,0.578331373953959,0.0010687499999999998,0
2020-02-21,0.7839,0.715,-0.08789386401326708,0.4931339059231421,0.41608852666452534,0.5855675487465182,0.003367948358125116,0.0017718749999999998,0.5833158684961687,0.00599375,0
2020-02-24,0.7046,0.6926,-0.017030939540164648,0.5564216945325612,0.374545419661764,0.5165389972144847,-0.01897829195372424,0.0027156249999999997,0.5794401927795536,-0.00481875,1
2020-02-25,0.69,0.6961,0.008840579710145081,0.5659271752750452,0.36735021564999426,0.5038300835654596,0.014545454545454497,-0.0008749999999999998,0.5780192356844209,-0.00045000000000000004,1
2020-02-26,0.7,0.729,0.04142857142857147,0.639330793448937,0.37322034566405954,0.5125348189415041,0.0037539705457696314,-0.0023375,0.5796896688619184,-0.00027499999999999975,0
2020-02-27,0.72,0.6927,-0.037916666666666654,0.9512198178051526,0.38439389112930183,0.5299442896935933,-0.005602643298376531,-0.0008218749999999995,0.581863549620652,0.00335625,0
2020-02-28,0.7,0.69,-0.0142857142857143,0.4918489282190209,0.3742533524108574,0.5125348189415041,0.01234567901234569,-0.00044687499999999946,0.5824197734467235,-0.0013562500000000005,1
2020-03-02,0.6711,0.6929,0.03248398152287279,0.5322967086425257,0.3593754035174096,0.48737813370473543,-0.010538472643279881,-0.0012187499999999998,0.5827494459943341,-0.0004125000000000001,0
2020-03-03,0.68,0.6609,-0.028088235294117653,0.4047620939078687,0.3646980836188347,0.4951253481894151,0.027391304347825968,-0.00155,0.5861663330681915,0.0006374999999999996,0
2020-03-04,0.67,0.6499,-0.03000000000000001,0.31957795054506327,0.3599005240113218,0.4864206128133705,0.018617405108962204,-0.00433125,0.5849618945026418,-0.0048875,0
2020-03-05,0.65,0.6217,-0.043538461538461526,0.39609102952158787,0.3497434055193359,0.46901114206128136,-0.01376910273868966,-0.0055937500000000015,0.5813488025950059,0.0030500000000000015,0
2020-03-06,0.606,0.605,-0.0016501650165016517,0.4661813988026746,0.3266963434957184,0.43071030640668523,-0.00015386982612707953,-0.003921875,0.5887891129806607,-0.0010187500000000006,1
2020-03-09,0.5756,0.5902,0.02536483669214723,0.561277737376724,0.3109558132808045,0.40424791086350975,0.025253337622647653,-0.005471875,0.5935040265377243,-0.00044375000000000046,0
2020-03-10,0.58,0.569,-0.018965517241379327,0.4597502047556242,0.3139733511583267,0.40807799442896936,0.04859504132231402,-0.008225,0.5989062176444089,-0.0009000000000000006,0
2020-03-11,0.5523,0.5001,-0.09451385116784361,0.47597689830566003,0.2996331204977133,0.3839658774373259,0.017282277194171445,-0.008240625000000001,0.6012012453601365,0.0010187499999999993,0
2020-03-12,0.433,0.4101,-0.052886836027713574,0.7462736449231057,0.2355857794453373,0.2801183844011142,0.02934973637961325,-0.01055,0.6062073116273958,-0.0026375000000000005,1
2020-03-13,0.47,0.6,0.2765957446808511,0.698825968893415,0.2563901265012812,0.3123259052924791,0.1341731653669266,-0.016278125,0.6172632343454013,-0.0027937500000000002,1
2020-03-16,0.42,0.5358,0.2757142857142859,0.5377394557400166,0.22978029376114492,0.2688022284122562,-0.14606193611314303,-0.008465625000000001,0.6347358953890209,0.00931875,0
2020-03-17,0.53,0.514,-0.030188679245283043,0.5073763261633998,0.2906102034957409,0.36455431754874656,0.3,-0.011378125,0.6571698509743849,0.008493750000000001,0
2020-03-18,0.4882,0.4069,-0.16653011061040565,0.5554218088094031,0.26835006563262953,0.3281685236768802,0.010824934677118378,-0.007115624999999999,0.663433271845062,0.0007687500000000003,1
2020-03-19,0.4125,0.5007,0.21381818181818196,0.43271440235240444,0.22739394601677293,0.26227367688022285,0.05019455252918286,-0.009871874999999999,0.6665903662401619,-0.005018749999999999,0
2020-03-20,0.4886,0.4492,-0.08063855914858778,0.8307774776678086,0.26999679044905034,0.32851671309192193,-0.01376259523224378,-0.007893749999999998,0.6830753371763388,0.004600000000000002,0
2020-03-23,0.44,0.3999,-0.0911363636363637,0.5183592288892865,0.24379308237590488,0.28621169916434536,0.024166167365688145,-0.0066,0.6832263537352236,-0.0017749999999999977,1
2020-03-24,0.4202,0.4394,0.045692527367920024,0.37592154659653276,0.23346879401653658,0.2689763231197772,0.0204808548530721,-0.006640624999999999,0.687742782083403,0.0007562500000000015,0
2020-03-25,0.45,0.415,-0.07777777777777785,0.44053949958349015,0.25067207106080586,0.29491643454038996,-0.05076269067266827,0.0005156250000000003,0.6996391765097099,0.0026312500000000003,0
2020-03-26,0.41,0.4,-0.02439024390243891,0.5469944096730108,0.22902812255653207,0.26009749303621166,-0.02412380518889394,-0.00640625,0.6978237315920198,-0.010312499999999995,0
2020-03-27,0.4,0.384,-0.040000000000000036,0.3405480036782049,0.22407441319198326,0.25139275766016717,0.012048192771084348,-0.0045562499999999995,0.6904259734343833,-0.0078625,0
2020-03-30,0.39,0.3667,-0.05974358974358971,0.3226534678533486,0.21909876928032102,0.2426880222841226,0.0,-0.008125000000000002,0.6812129173199186,8.673617379884035e-19,0
2020-03-31,0.375,0.36,-0.040000000000000036,0.34860731990135235,0.21128938806973552,0.22963091922005574,-0.015625000000000014,-0.004325,0.6878267634978782,0.003625000000000001,0
2020-04-01,0.35,0.327,-0.06571428571428561,0.5574040875184675,0.19780538658175958,0.20786908077994426,-0.022634305972184274,-0.00556875,0.6988312852643944,-0.006449999999999999,0
2020-04-02,0.325,0.2965,-0.08769230769230776,0.45076581298239193,0.18425928594798321,0.1861072423398329,0.027777777777777804,-0.008150000000000001,0.6936420212708039,0.0010249999999999999,0
2020-04-03,0.29,0.2704,-0.06758620689655175,0.4662926274719393,0.16496682630044296,0.15564066852367686,0.006116207951070342,-0.0068249999999999995,0.7034090473144379,0.0007250000000000006,1
2020-04-06,0.2999,0.32,0.0670223407802601,0.5610159686835916,0.1711566630305315,0.164258356545961,0.021922428330522787,-0.00935,0.7137871337341909,-0.002425,0
2020-04-07,0.36,0.3213,-0.10750000000000004,0.6880489576892126,0.2060544318439835,0.21657381615598884,-0.10909763313609479,-0.007659374999999999,0.7212434972038033,0.00344375,0
2020-04-08,0.34,0.3251,-0.043823529411764775,0.28947949218736785,0.19519137602625752,0.19916434540389974,-0.12499999999999993,-0.004021875,0.725834718749893,-0.0017937500000000002,0
2020-04-09,0.35,0.3417,-0.023714285714285643,0.5198612320490307,0.20152028136062272,0.20786908077994426,-0.058201058201058364,-0.003715625000000001,0.7295037847673237,6.87499999999998e-05,0
2020-04-13,0.348,0.3288,-0.05517241379310344,0.21558916557559824,0.20095331841630756,0.20612813370473534,-0.07659181790218388,-0.0020312500000000014,0.7330299458490404,0.0009374999999999995,0
2020-04-14,0.333,0.32,-0.03903903903903907,0.7678399951511753,0.19286493040869473,0.19307103064066855,-0.018437225636523186,-0.0018187500000000011,0.735800453478545,-0.00026249999999999993,1
2020-04-15,0.21,0.2326,0.10761904761904767,2.6417891906533164,0.12207065091558801,0.08600278551532033,-0.012773722627737339,-0.0007499999999999998,0.7384750615244958,0.0006250000000000001,1
2020-04-16,0.24,0.2496,0.039999999999999994,0.8730981957799276,0.13999224259892049,0.11211699164345404,0.34375000000000006,-0.005590625,0.7519662018843231,0.0031937500000000004,1
2020-04-17,0.26,0.2789,0.07269230769230758,1.396356198510857,0.15216306994043413,0.1295264623955432,-0.031814273430782414,-0.002212500000000001,0.7609646464640214,0.0018249999999999994,0
2020-04-20,0.26,0.2501,-0.038076923076923154,0.5271990520664582,0.1526664160777962,0.1295264623955432,-0.04166666666666675,-0.0025312500000000005,0.7663702902029984,-7.499999999999976e-05,1
2020-04-21,0.25,0.26,0.040000000000000036,0.47714475063084344,0.14728540438769558,0.12082172701949861,0.06776622445320894,-0.00535,0.7664859543708975,0.0018,0
2020-04-22,0.299,0.25,-0.16387959866220733,0.8313387389400241,0.1766906269222149,0.163474930362117,0.0003998400639743662,-0.0048468750000000005,0.7777261504493288,0.0015562500000000006,1
2020-04-23,0.23,0.275,0.19565217391304351,1.3734594601328252,0.1363799207438149,0.10341225626740948,-0.1499999999999999,-0.0044593750000000015,0.7773875241045324,-0.00254375,1
2020-04-24,0.233,0.244,0.04721030042918447,1.2497213888484942,0.13862539747674604,0.10602367688022285,0.07999999999999996,-0.00536875,0.7901654022536841,0.0040125,1
2020-04-27,0.24,0.2515,0.04791666666666671,1.2034275866776958,0.1432639543734373,0.11211699164345404,0.15272727272727274,-0.0055000000000000005,0.8004270577015036,0.001500000000000001,1
2020-04-28,0.26,0.279,0.07307692307692314,1.6115725053182792,0.15569740116808045,0.1295264623955432,0.016393442622950834,0.001528125,0.808792690776439,-0.0006937499999999995,0
2020-04-29,0.279,0.26,-0.06810035842293913,0.8478358133119227,0.16758715887904116,0.14606545961002787,-0.03379721669980122,0.00154375,0.80474893430844,0.0005875000000000012,0
2020-04-30,0.26,0.254,-0.023076923076923096,0.711322875489753,0.15666633928335988,0.1295264623955432,0.0,3.124999999999656e-06,0.7995058148238517,-0.0023687499999999985,0
2020-05-01,0.251,0.2409,-0.040239043824701184,0.8246651208429873,0.15172431802419398,0.12169220055710307,0.0,0.00012187499999999997,0.7973100476280846,0.00024375000000000059,0
2020-05-04,0.24,0.2392,-0.003333333333333313,0.7079819658833106,0.14554252634078255,0.11211699164345404,0.011811023622047254,-0.0005656249999999999,0.7979204164758635,-0.0012562499999999996,0
2020-05-05,0.2373,0.2131,-0.10198061525495153,1.0931145313941861,0.1443683153545125,0.10976671309192201,0.0037359900373599496,-0.00218125,0.7976766888772971,0.0030125000000000004,0
2020-05-06,0.2184,0.1856,-0.1501831501831503,1.417899956162761,0.13330889296817106,0.09331476323119778,0.007943143812708968,-0.0017062499999999999,0.8039601438685378,-0.004324999999999999,0
2020-05-07,0.1915,0.188,-0.018276762402088788,0.9933440200026872,0.11729064473018079,0.0698990250696379,-0.024870952604411068,-0.0022812500000000003,0.7977639744435036,-0.0027375000000000003,0
2020-05-08,0.201,0.17,-0.15422885572139303,2.39743479816842,0.12352306023810912,0.07816852367688024,-0.031788793103448364,-0.0035,0.7995850198610707,-0.0009375000000000005,0
2020-05-11,0.165,0.1545,-0.06363636363636369,1.9601419634016897,0.10175847374929368,0.046831476323119785,-0.06914893617021282,-0.0052499999999999995,0.7985963351031479,-0.003125,1
2020-05-12,0.1512,0.1989,0.3154761904761904,4.0011007510952705,0.09358314082147952,0.03481894150417828,0.029411764705882377,-0.006859374999999999,0.8031103422637931,0.0005312499999999997,0
2020-05-13,0.299,0.2228,-0.25484949832775916,8.999781625488064,0.185574569922795,0.163474930362117,0.021359223300970856,-0.0051218750000000006,0.8190090469441941,0.00335625,0
2020-05-14,0.2013,0.1949,-0.03179334326875319,3.1122614648691176,0.12534758907633223,0.07842966573816157,-0.5032679738562091,0.0009343749999999993,0.8103727740277056,-0.004131250000000001,1
2020-05-15,0.1949,0.2363,0.2124166239096974,11.77510733496667,0.1217632758722148,0.07285863509749303,0.09649910233393173,-0.0025937500000000006,0.8143524407248999,-0.0003500000000000006,1
2020-05-18,0.167,0.1819,0.08922155688622752,6.474516639890431,0.10469146280403542,0.0485724233983287,0.0,-0.0006000000000000011,0.8216558757838767,0.004099999999999999,0
2020-05-19,0.2101,0.1123,-0.4654926225606854,4.374782216950808,0.13213013780902952,0.08608983286908078,0.2932712653406686,-0.0017218750000000003,0.8306573311415762,0.0029812499999999987,1
2020-05-20,0.128,0.1902,0.4859375,3.324806379453553,0.08078904370542073,0.014623955431754883,-0.15503023639362287,-0.0017843750000000004,0.8252940252770664,-0.005893750000000001,0
2020-05-21,0.22,0.1492,-0.32181818181818184,4.982366353223825,0.139286103201457,0.0947075208913649,-0.13980409617097067,-0.0016500000000000004,0.8369969052447387,0.005824999999999999,0
2020-05-22,0.1668,0.16,-0.0407673860911271,1.1090352903900749,0.10595985158030209,0.048398328690807804,-0.15667718191377494,0.001553125,0.8319759830927372,-0.0037687500000000004,0
2020-05-26,0.1724,0.1585,-0.08062645011600926,0.7396920815359193,0.10988087179014411,0.05327298050139276,-0.1179624664879357,-0.0007281250000000004,0.8321827364921852,-0.0034062500000000004,1
2020-05-27,0.1785,0.1802,0.009523809523809565,1.8349352963871688,0.11414079117455185,0.05858286908077994,-0.07749999999999996,-0.005965625,0.8245162225150474,0.0038937499999999996,0
2020-05-28,0.1944,0.1929,-0.007716049382716057,1.3247659669749738,0.12470164666374689,0.0724233983286908,-0.12618296529968448,-0.0011718750000000006,0.8399402618431178,0.0005062500000000002,1
2020-05-29,0.196,0.2185,0.1147959183673469,1.4273514722193952,0.1261230128329062,0.07381615598885795,-0.07880133185349607,-0.0013718750000000011,0.8409269978516967,-0.0026812500000000005,0
2020-06-01,0.2199,0.2136,-0.0286493860845839,0.8952700930576235,0.14192630068613207,0.09462047353760447,-0.01607050285121835,0.0020499999999999997,0.8390820804321633,0.00047500000000000125,0
2020-06-02,0.23,0.208,-0.09565217391304356,0.3848192543666205,0.1488793219831012,0.10341225626740948,-0.0064073226544622995,0.003471875,0.8329608754757677,0.005718749999999999,0
2020-06-03,0.23,0.197,-0.14347826086956522,0.6347330788145985,0.14931260083965728,0.10341225626740948,-0.07677902621722844,0.0037437500000000005,0.8384679569080399,-0.0052625,1
2020-06-04,0.1965,0.208,0.05852417302798973,0.5406359207945557,0.1279571241227222,0.07425139275766018,-0.10576923076923087,0.0018062500000000006,0.8211915341438122,0.0023624999999999996,1
2020-06-05,0.2269,0.3219,0.4186866460996035,2.0901290562584998,0.1481808736583036,0.10071378830083565,0.0025380710659898497,0.002428125,0.8304963142515489,0.00114375,1
2020-06-08,0.408,0.6306,0.5455882352941178,3.9555011520205583,0.26696024958678854,0.2583565459610027,-0.09086538461538463,0.006809375,0.8350825666920596,0.00680625,0
2020-06-09,0.57,0.426,-0.2526315789473684,2.3089141383239715,0.3733447822183129,0.39937325905292476,-0.26747437092264664,0.021246875,0.8381079749455257,0.01380625,0
2020-06-10,0.38,0.30035,-0.20960526315789474,1.5634120237593827,0.24940361553082296,0.23398328690807801,0.09609895337773564,0.019021875,0.8042462130947678,-0.00890625,1
2020-06-11,0.27,0.328,0.2148148148148148,1.5075986154213756,0.1776703368716619,0.13823119777158777,0.10798122065727696,0.008308125,0.7854612903258181,-0.006384375,0
2020-06-12,0.3659,0.3169,-0.13391637059305816,0.8487725452010951,0.24127857904278538,0.22170961002785516,0.10104877642750121,0.005141249999999999,0.783032152078467,0.004018749999999999,1
2020-06-15,0.331,0.36695,0.1086102719033232,0.8630185389957978,0.2187581806306945,0.19133008356545964,-0.11554878048780484,0.007650625000000001,0.7698842931239708,-0.0016875000000000002,0
2020-06-16,0.425,0.39,-0.08235294117647053,0.6418209793661079,0.28137412641213816,0.27315459610027853,-0.04449353108236037,0.0084675,0.7680179172100238,0.004309374999999999,0
2020-06-17,0.4001,0.347,-0.13271682079480138,0.6267585178671983,0.26538410928852074,0.2514798050139276,-0.15819593950129443,0.012828750000000002,0.7559083750619708,-0.0029062499999999995,0
2020-06-18,0.3352,0.32,-0.045346062052505944,0.3359285459812057,0.22282539455725225,0.19498607242339833,-0.02589743589743589,0.0061975,0.7371224272676689,-0.009256249999999997,1
2020-06-19,0.321,0.3376,0.05171339563862929,0.3440535267330868,0.21386855335589972,0.18262534818941506,0.034005763688760744,-0.011980625,0.7199084417006155,-0.014862500000000002,0
